,District,Latitude,Longitude,"Season(SA = Summer Autumn, WS = Winter Spring)","Rice Crop Intensity(D=Double, T=Triple)",Date of Harvest,Field size (ha),Rice Yield (kg/ha),Other Rice Yield (kg/ha)
0,Chau_Phu,10.510542,105.248554,SA,T,15-07-2022,3.4,5500,6800
1,Chau_Phu,10.50915,105.265098,SA,T,15-07-2022,2.43,6000,7200
2,Chau_Phu,10.467721,105.192464,SA,D,15-07-2022,1.95,6400,7200
3,Chau_Phu,10.494453,105.241281,SA,T,15-07-2022,4.3,6000,7600
4,Chau_Phu,10.535058,105.252744,SA,D,14-07-2022,3.3,6400,7200
5,Chau_Phu,10.50203,105.222373,SA,T,15-07-2022,3.5,5500,7760
6,Chau_Phu,10.48195,105.238448,SA,T,15-07-2022,2.0,6600,6400
7,Chau_Phu,10.476738,105.227333,SA,T,15-07-2022,4.0,6000,7200
8,Chau_Phu,10.492098,105.216926,SA,T,15-07-2022,3.0,5500,7200
9,Chau_Phu,10.485917,105.210104,SA,T,15-07-2022,5.0,6000,7200
10,Chau_Phu,10.469839,105.211568,SA,T,15-07-2022,4.0,5500,7200
11,Chau_Phu,10.501829,105.273585,SA,T,15-07-2022,3.5,6500,8000
12,Chau_Phu,10.548011,105.248097,SA,T,13-07-2022,2.03,5500,7200
13,Chau_Phu,10.533759,105.243145,SA,T,13-07-2022,2.8,5500,8000
14,Chau_Phu,10.536277,105.293087,SA,T,14-07-2022,2.0,6500,7760
15,Chau_Phu,10.502728,105.233111,SA,T,15-07-2022,3.0,6400,7200
16,Chau_Phu,10.524439,105.254678,SA,D,14-07-2022,4.0,5500,6800
17,Chau_Phu,10.522871,105.184845,SA,T,14-07-2022,2.5,5500,7040
18,Chau_Phu,10.461453,105.172294,SA,D,14-07-2022,2.25,5500,6400
19,Chau_Phu,10.467778,105.163448,SA,D,14-07-2022,4.9,5500,6960
20,Chau_Phu,10.44784,105.141425,SA,D,14-07-2022,2.0,6600,6400
21,Chau_Phu,10.521154,105.115666,SA,D,20-07-2022,3.0,5500,7200
22,Chau_Phu,10.48065,105.130089,SA,T,20-07-2022,2.0,5500,7200
23,Chau_Phu,10.463816,105.133945,SA,T,20-07-2022,1.7,6500,7200
24,Chau_Phu,10.501648,105.096892,SA,T,20-07-2022,1.2,6000,7200
25,Chau_Phu,10.510203,105.111601,SA,T,20-07-2022,2.1,5500,7920
26,Chau_Phu,10.534074,105.126326,SA,T,20-07-2022,3.0,6400,8000
27,Chau_Phu,10.636733,105.155635,SA,T,05-08-2022,3.2,6600,8000
28,Chau_Phu,10.649258,105.142121,SA,D,05-08-2022,1.75,6000,8000
29,Chau_Phu,10.663484,105.168203,SA,D,05-08-2022,3.0,6500,7200
30,Chau_Phu,10.634849,105.13078,SA,T,05-08-2022,4.0,6000,6400
31,Chau_Phu,10.612095,105.141919,SA,T,05-08-2022,2.5,6400,8000
32,Chau_Phu,10.623506,105.132794,SA,T,05-08-2022,5.0,6000,7200
33,Chau_Phu,10.628311,105.12253,SA,T,05-08-2022,2.0,6500,8000
34,Chau_Phu,10.619835,105.201297,SA,T,09-08-2022,1.91,5500,7200
35,Chau_Phu,10.633572,105.172813,SA,D,09-08-2022,2.5,6400,7200
36,Chau_Phu,10.621354,105.162316,SA,D,09-08-2022,2.0,6400,7200
37,Chau_Phu,10.615175,105.153736,SA,D,09-08-2022,2.3,6500,7200
38,Chau_Phu,10.605148,105.164514,SA,D,09-08-2022,3.0,5500,7200
39,Chau_Phu,10.594603,105.175686,SA,D,09-08-2022,2.2,6600,7200
40,Chau_Phu,10.585209,105.164803,SA,D,09-08-2022,2.3,5500,7200
41,Chau_Phu,10.603991,105.147312,SA,D,09-08-2022,3.34,6000,7920
42,Chau_Phu,10.612317,105.116551,SA,T,05-08-2022,1.65,5500,7200
43,Chau_Phu,10.571793,105.16066,SA,T,05-08-2022,4.0,5500,7200
44,Chau_Phu,10.565493,105.106594,SA,D,05-08-2022,3.0,6500,7200
45,Chau_Phu,10.593644,105.075243,SA,T,05-08-2022,2.0,6000,6800
46,Chau_Phu,10.608536,105.076041,SA,T,05-08-2022,1.3,6000,7200
47,Chau_Phu,10.588345,105.091229,SA,T,05-08-2022,1.45,6000,7200
48,Chau_Phu,10.59278,105.103464,SA,T,05-08-2022,1.6,6000,7200
49,Chau_Phu,10.58174,105.119446,SA,T,05-08-2022,2.0,5500,7200
50,Chau_Phu,10.571202,105.135919,SA,T,05-08-2022,1.8,6000,7200
51,Chau_Phu,10.592696,105.11414,SA,T,05-08-2022,5.0,6000,7200
52,Chau_Phu,10.590564,105.128439,SA,T,05-08-2022,5.0,6000,8000
53,Chau_Phu,10.625462,105.098238,SA,T,05-08-2022,3.6,6500,7200
54,Chau_Phu,10.619493,105.095029,SA,T,05-08-2022,2.3,6400,6800
55,Chau_Phu,10.560601,105.1792,SA,T,28-07-2022,2.0,6400,7200
56,Chau_Phu,10.565735,105.172074,SA,T,28-07-2022,2.0,5500,7200
57,Chau_Phu,10.555822,105.1711,SA,T,28-07-2022,1.95,5500,7200
58,Chau_Phu,10.542192,105.18792,SA,T,28-07-2022,1.4,6500,7200
59,Chau_Phu,10.546857,105.181035,SA,T,28-07-2022,2.6,5500,6800
60,Chau_Phu,10.546629,105.163964,SA,T,28-07-2022,2.0,6500,7200
61,Chau_Phu,10.547628,105.146859,SA,T,28-07-2022,1.65,6500,7200
62,Chau_Phu,10.534615,105.134916,SA,T,28-07-2022,2.56,6000,6800
63,Chau_Phu,10.521024,105.146349,SA,T,28-07-2022,1.5,6000,6400
64,Chau_Phu,10.546679,105.126512,SA,D,28-07-2022,1.74,6400,6400
65,Chau_Phu,10.505349,105.165087,SA,T,28-07-2022,1.7,6000,6880
66,Chau_Phu,10.51191,105.170596,SA,T,28-07-2022,1.7,6500,7200
67,Chau_Phu,10.522164,105.178664,SA,T,28-07-2022,3.6,5500,7760
68,Chau_Phu,10.548566,105.198194,SA,T,05-08-2022,2.7,6400,6800
69,Chau_Phu,10.557257,105.1886,SA,T,05-08-2022,1.8,5500,7200
70,Chau_Phu,10.576126,105.183375,SA,T,05-08-2022,1.5,5500,7200
71,Chau_Phu,10.56984,105.190938,SA,T,05-08-2022,2.3,6500,7200
72,Chau_Phu,10.585739,105.193578,SA,T,05-08-2022,2.3,5500,7040
73,Chau_Phu,10.510542,105.248554,WS,T,01-04-2022,3.4,6800,5500
74,Chau_Phu,10.50915,105.265098,WS,T,01-04-2022,2.43,7200,6000
75,Chau_Phu,10.501829,105.273585,WS,T,01-04-2022,3.5,8000,6500
76,Chau_Phu,10.485464,105.251956,WS,T,02-04-2022,2.0,7040,6000
77,Chau_Phu,10.494453,105.241281,WS,T,01-04-2022,4.3,7600,6000
78,Chau_Phu,10.50203,105.222373,WS,T,01-04-2022,3.5,7760,5500
79,Chau_Phu,10.48195,105.238448,WS,T,01-04-2022,2.0,6400,6600
80,Chau_Phu,10.476738,105.227333,WS,T,03-04-2022,4.0,7200,6000
81,Chau_Phu,10.474439,105.216928,WS,T,04-04-2022,7.0,6800,6000
82,Chau_Phu,10.482003,105.203866,WS,T,01-04-2022,3.0,7200,6000
83,Chau_Phu,10.468679,105.203699,WS,T,01-04-2022,1.3,8000,6000
84,Chau_Phu,10.467721,105.192464,WS,D,12-04-2022,1.95,7200,6400
85,Chau_Phu,10.557185,105.227883,WS,D,12-04-2022,2.95,7200,6000
86,Chau_Phu,10.550361,105.218667,WS,D,06-04-2022,3.03,7040,6000
87,Chau_Phu,10.540457,105.207852,WS,D,06-04-2022,1.2,6400,6000
88,Chau_Phu,10.533759,105.243145,WS,T,10-04-2022,2.8,8000,5500
89,Chau_Phu,10.539297,105.225673,WS,T,10-04-2022,2.0,8000,6000
90,Chau_Phu,10.527277,105.237319,WS,T,10-04-2022,2.9,6880,6000
91,Chau_Phu,10.522821,105.229739,WS,T,10-04-2022,5.4,6400,6000
92,Chau_Phu,10.536277,105.293087,WS,T,01-04-2022,2.0,7760,6500
93,Chau_Phu,10.542998,105.261159,WS,D,01-04-2022,4.9,7040,6000
94,Chau_Phu,10.524082,105.268907,WS,D,01-04-2022,2.1,6400,6000
95,Chau_Phu,10.549477,105.273725,WS,D,01-04-2022,1.55,7200,6000
96,Chau_Phu,10.524439,105.254678,WS,D,01-04-2022,4.0,6800,5500
97,Chau_Phu,10.445962,105.123164,WS,D,07-04-2022,3.0,7200,6000
98,Chau_Phu,10.46658,105.139698,WS,D,06-04-2022,3.0,7600,6000
99,Chau_Phu,10.498551,105.167513,WS,T,04-04-2022,1.4,7200,6000
100,Chau_Phu,10.522871,105.184845,WS,T,03-04-2022,2.5,7040,5500
101,Chau_Phu,10.527792,105.204924,WS,T,03-04-2022,3.2,7200,6000
102,Chau_Phu,10.514912,105.216308,WS,D,03-04-2022,2.0,7040,6000
103,Chau_Phu,10.505489,105.203926,WS,D,03-04-2022,1.4,7200,6000
104,Chau_Phu,10.464233,105.183189,WS,T,03-04-2022,3.7,6400,6000
105,Chau_Phu,10.461453,105.172294,WS,D,03-04-2022,2.25,6400,5500
106,Chau_Phu,10.467778,105.163448,WS,D,03-04-2022,4.9,6960,5500
107,Chau_Phu,10.458071,105.162504,WS,D,03-04-2022,2.0,6400,6000
108,Chau_Phu,10.44784,105.141425,WS,D,03-04-2022,2.0,6400,6600
109,Chau_Phu,10.513536,105.127422,WS,D,10-04-2022,2.4,6400,6000
110,Chau_Phu,10.492507,105.122386,WS,T,10-04-2022,3.4,6400,6000
111,Chau_Phu,10.475484,105.13594,WS,T,10-04-2022,2.1,7200,6000
112,Chau_Phu,10.455882,105.126628,WS,D,10-04-2022,1.9,6800,6000
113,Chau_Phu,10.545098,105.112895,WS,D,10-04-2022,3.6,6400,6000
114,Chau_Phu,10.5263,105.091077,WS,T,10-04-2022,1.62,7200,6000
115,Chau_Phu,10.479304,105.102943,WS,D,10-04-2022,2.9,6800,6000
116,Chau_Phu,10.510203,105.111601,WS,T,10-04-2022,2.1,7920,5500
117,Chau_Phu,10.499686,105.158111,WS,D,10-04-2022,2.1,6400,6000
118,Chau_Phu,10.534074,105.126326,WS,T,10-04-2022,3.0,8000,6400
119,Chau_Phu,10.636733,105.155635,WS,T,10-04-2022,3.2,8000,6600
120,Chau_Phu,10.649258,105.142121,WS,D,10-04-2022,1.75,8000,6000
121,Chau_Phu,10.676956,105.147011,WS,D,10-04-2022,3.2,7200,6000
122,Chau_Phu,10.64394,105.165296,WS,T,10-04-2022,1.4,6400,6000
123,Chau_Phu,10.653314,105.174185,WS,T,10-04-2022,3.0,7200,6000
124,Chau_Phu,10.663484,105.168203,WS,D,10-04-2022,3.0,7200,6500
125,Chau_Phu,10.64683,105.119494,WS,T,10-04-2022,2.4,7200,6000
126,Chau_Phu,10.634849,105.13078,WS,T,10-04-2022,4.0,6400,6000
127,Chau_Phu,10.626774,105.140369,WS,T,10-04-2022,4.0,7200,6000
128,Chau_Phu,10.612095,105.141919,WS,T,10-04-2022,2.5,8000,6400
129,Chau_Phu,10.628311,105.12253,WS,T,10-04-2022,2.0,8000,6500
130,Chau_Phu,10.630244,105.19128,WS,D,12-04-2022,6.0,6800,6000
131,Chau_Phu,10.599524,105.186221,WS,D,12-04-2022,1.3,6400,6000
132,Chau_Phu,10.61225,105.175364,WS,D,12-04-2022,4.0,7200,6000
133,Chau_Phu,10.605148,105.164514,WS,D,12-04-2022,3.0,7200,5500
134,Chau_Phu,10.595261,105.15779,WS,D,12-04-2022,2.04,6800,6000
135,Chau_Phu,10.603991,105.147312,WS,D,12-04-2022,3.34,7920,6000
136,Chau_Phu,10.603094,105.127872,WS,T,10-04-2022,2.3,8000,6000
137,Chau_Phu,10.580993,105.154027,WS,T,10-04-2022,2.0,7200,6000
138,Chau_Phu,10.571793,105.16066,WS,T,10-04-2022,4.0,7200,5500
139,Chau_Phu,10.559295,105.124493,WS,T,10-04-2022,1.8,7200,6000
140,Chau_Phu,10.552114,105.091399,WS,D,10-04-2022,3.6,7760,6000
141,Chau_Phu,10.56526,105.088832,WS,T,10-04-2022,1.65,8000,6000
142,Chau_Phu,10.593644,105.075243,WS,T,10-04-2022,2.0,6800,6000
143,Chau_Phu,10.571202,105.135919,WS,T,10-04-2022,1.8,7200,6000
144,Chau_Phu,10.590564,105.128439,WS,T,10-04-2022,5.0,8000,6000
145,Chau_Phu,10.619493,105.095029,WS,T,10-04-2022,2.3,6800,6400
146,Chau_Phu,10.565735,105.172074,WS,T,10-04-2022,2.0,7200,5500
147,Chau_Phu,10.562531,105.169469,WS,T,10-04-2022,1.25,7600,6000
148,Chau_Phu,10.555822,105.1711,WS,T,10-04-2022,1.95,7200,5500
149,Chau_Phu,10.546857,105.181035,WS,T,10-04-2022,2.6,6800,5500
150,Chau_Phu,10.546629,105.163964,WS,T,10-04-2022,1.95,7200,6500
151,Chau_Phu,10.554634,105.1522,WS,D,10-04-2022,2.3,7040,6000
152,Chau_Phu,10.547628,105.146859,WS,T,10-04-2022,1.65,7200,6500
153,Chau_Phu,10.534615,105.134916,WS,T,10-04-2022,2.56,6800,6000
154,Chau_Phu,10.521024,105.146349,WS,T,10-04-2022,1.5,6400,6000
155,Chau_Phu,10.546679,105.126512,WS,D,10-04-2022,1.74,6400,6400
156,Chau_Phu,10.505349,105.165087,WS,T,10-04-2022,1.7,6880,6000
157,Chau_Phu,10.522164,105.178664,WS,T,10-04-2022,3.6,7760,5500
158,Chau_Phu,10.531488,105.186775,WS,T,10-04-2022,3.0,8000,6000
159,Chau_Phu,10.536087,105.175145,WS,T,10-04-2022,5.0,7040,6000
160,Chau_Phu,10.548566,105.198194,WS,T,10-04-2022,2.7,6800,6400
161,Chau_Phu,10.567359,105.177342,WS,T,10-04-2022,1.8,7200,6000
162,Chau_Phu,10.576126,105.183375,WS,T,10-04-2022,1.5,7200,5500
163,Chau_Phu,10.564704,105.19729,WS,T,10-04-2022,2.0,7200,6000
164,Chau_Phu,10.558195,105.203328,WS,T,10-04-2022,1.4,8000,6000
165,Chau_Phu,10.585739,105.193578,WS,T,10-04-2022,2.3,7040,5500
166,Chau_Phu,10.581404,105.200348,WS,T,10-04-2022,1.8,7200,6000
167,Chau_Phu,10.570816,105.208925,WS,T,10-04-2022,2.15,7200,6000
168,Chau_Thanh,10.446006,105.338972,SA,T,10-07-2022,2.2,5500,8000
169,Chau_Thanh,10.442271,105.339057,SA,T,10-07-2022,2.53,6000,7000
170,Chau_Thanh,10.439647,105.334052,SA,T,10-07-2022,2.42,6500,8000
171,Chau_Thanh,10.444036,105.331928,SA,T,10-07-2022,2.42,6000,7200
172,Chau_Thanh,10.447125,105.31374,SA,T,10-07-2022,2.75,6400,7000
173,Chau_Thanh,10.436532,105.313783,SA,T,10-07-2022,1.32,5500,7760
174,Chau_Thanh,10.434624,105.327551,SA,T,10-07-2022,2.53,6600,7400
175,Chau_Thanh,10.420981,105.295797,SA,T,15-07-2022,1.76,6000,7200
176,Chau_Thanh,10.470305,105.287062,SA,T,15-07-2022,1.43,5500,7000
177,Chau_Thanh,10.494104,105.291042,SA,D,15-07-2022,1.76,6500,7000
178,Chau_Thanh,10.43531,105.292557,SA,T,15-07-2022,1.87,5500,7600
179,Chau_Thanh,10.419561,105.277369,SA,T,15-07-2022,1.43,5500,7200
180,Chau_Thanh,10.458369,105.270803,SA,T,15-07-2022,1.87,6400,7200
181,Chau_Thanh,10.470013,105.264425,SA,T,15-07-2022,1.54,5500,7200
182,Chau_Thanh,10.485812,105.267525,SA,T,15-07-2022,2.2,5500,7040
183,Chau_Thanh,10.390554,105.336857,SA,T,15-07-2022,3.3,5500,7200
184,Chau_Thanh,10.384444,105.3447,SA,T,15-07-2022,2.09,5500,8000
185,Chau_Thanh,10.391491,105.34899,SA,T,15-07-2022,2.2,6000,7600
186,Chau_Thanh,10.399353,105.356462,SA,T,15-07-2022,2.2,5500,7000
187,Chau_Thanh,10.409367,105.355252,SA,T,15-07-2022,2.42,5500,7200
188,Chau_Thanh,10.405902,105.36283,SA,T,15-07-2022,2.53,6500,8000
189,Chau_Thanh,10.391149,105.359279,SA,T,15-07-2022,2.035,5500,7040
190,Chau_Thanh,10.381544,105.174719,SA,T,14-07-2022,2.2,6400,8000
191,Chau_Thanh,10.37346,105.184697,SA,T,14-07-2022,1.65,5500,6800
192,Chau_Thanh,10.396044,105.180167,SA,T,14-07-2022,1.32,6000,7200
193,Chau_Thanh,10.391295,105.178235,SA,T,14-07-2022,2.09,6700,7200
194,Chau_Thanh,10.389374,105.169781,SA,T,14-07-2022,2.09,6000,7040
195,Chau_Thanh,10.395094,105.169245,SA,T,14-07-2022,3.85,6000,7200
196,Chau_Thanh,10.391781,105.161155,SA,T,14-07-2022,1.87,6400,7040
197,Chau_Thanh,10.379507,105.154892,SA,T,14-07-2022,1.32,6500,7200
198,Chau_Thanh,10.378511,105.144998,SA,T,14-07-2022,1.65,6000,8000
199,Chau_Thanh,10.375619,105.124248,SA,T,14-07-2022,1.87,6000,7200
200,Chau_Thanh,10.395734,105.143745,SA,T,14-07-2022,1.76,6000,6960
201,Chau_Thanh,10.419552,105.116409,SA,D,26-07-2022,3.3,6000,7200
202,Chau_Thanh,10.414613,105.125615,SA,T,26-07-2022,3.85,6000,7200
203,Chau_Thanh,10.407982,105.123304,SA,D,26-07-2022,2.75,5500,7200
204,Chau_Thanh,10.403175,105.123726,SA,D,26-07-2022,4.4,6000,6400
205,Chau_Thanh,10.399444,105.118528,SA,T,26-07-2022,1.65,6000,7000
206,Chau_Thanh,10.408214,105.131329,SA,T,26-07-2022,1.98,5500,7000
207,Chau_Thanh,10.399645,105.141286,SA,T,26-07-2022,5.5,5500,8000
208,Chau_Thanh,10.407581,105.1521,SA,T,26-07-2022,2.75,6400,7000
209,Chau_Thanh,10.42324,105.126544,SA,D,26-07-2022,1.87,6000,7200
210,Chau_Thanh,10.421066,105.136822,SA,D,26-07-2022,2.75,6000,7000
211,Chau_Thanh,10.429339,105.125493,SA,D,26-07-2022,3.3,6000,6800
212,Chau_Thanh,10.429212,105.141436,SA,D,26-07-2022,1.21,6000,7200
213,Chau_Thanh,10.429142,105.151556,SA,T,26-07-2022,3.08,6500,7000
214,Chau_Thanh,10.438048,105.153225,SA,T,26-07-2022,5.5,6400,8000
215,Chau_Thanh,10.43062,105.165627,SA,T,26-07-2022,1.65,5500,7600
216,Chau_Thanh,10.420174,105.16361,SA,T,26-07-2022,2.2,6600,8000
217,Chau_Thanh,10.415236,105.156765,SA,T,26-07-2022,1.54,6000,8000
218,Chau_Thanh,10.422463,105.151846,SA,T,26-07-2022,2.75,6000,7200
219,Chau_Thanh,10.44819,105.181879,SA,T,20-07-2022,3.245,6000,6400
220,Chau_Thanh,10.447684,105.190977,SA,T,20-07-2022,1.98,6500,8000
221,Chau_Thanh,10.458467,105.196191,SA,T,20-07-2022,1.87,6500,7200
222,Chau_Thanh,10.460493,105.209967,SA,T,20-07-2022,2.2,6000,7200
223,Chau_Thanh,10.427104,105.210954,SA,T,20-07-2022,1.65,5500,7200
224,Chau_Thanh,10.426155,105.176598,SA,T,20-07-2022,2.09,6000,7200
225,Chau_Thanh,10.412311,105.176834,SA,T,20-07-2022,1.54,6500,8000
226,Chau_Thanh,10.400449,105.171793,SA,T,20-07-2022,1.43,5500,8000
227,Chau_Thanh,10.417324,105.208881,SA,T,20-07-2022,3.3,5500,7500
228,Chau_Thanh,10.452718,105.220233,SA,T,20-07-2022,1.32,6000,7500
229,Chau_Thanh,10.465667,105.225904,SA,T,20-07-2022,1.65,6400,7200
230,Chau_Thanh,10.452795,105.21348,SA,T,20-07-2022,1.43,6500,7200
231,Chau_Thanh,10.459704,105.218744,SA,T,20-07-2022,1.65,5500,7200
232,Chau_Thanh,10.451085,105.243664,SA,T,28-07-2022,1.43,6600,7200
233,Chau_Thanh,10.443488,105.236111,SA,T,28-07-2022,1.65,5500,7200
234,Chau_Thanh,10.436907,105.236241,SA,T,28-07-2022,1.375,6000,7200
235,Chau_Thanh,10.432459,105.260003,SA,T,28-07-2022,3.3,5500,7200
236,Chau_Thanh,10.417011,105.261676,SA,T,28-07-2022,1.54,6400,7900
237,Chau_Thanh,10.412925,105.251545,SA,T,28-07-2022,2.2,5500,7200
238,Chau_Thanh,10.467229,105.24767,SA,T,28-07-2022,1.54,5500,7200
239,Chau_Thanh,10.430085,105.221996,SA,D,28-07-2022,2.75,6000,7760
240,Chau_Thanh,10.420483,105.223648,SA,T,28-07-2022,3.08,6000,8000
241,Chau_Thanh,10.413742,105.22261,SA,T,28-07-2022,1.65,6000,6800
242,Chau_Thanh,10.410742,105.220616,SA,T,28-07-2022,2.53,6000,7400
243,Chau_Thanh,10.406597,105.221367,SA,T,28-07-2022,1.32,6000,7000
244,Chau_Thanh,10.407515,105.229231,SA,T,28-07-2022,3.3,6000,7200
245,Chau_Thanh,10.413908,105.234515,SA,T,28-07-2022,1.65,5500,7500
246,Chau_Thanh,10.421158,105.237197,SA,T,17-07-2022,1.76,6000,7200
247,Chau_Thanh,10.375656,105.29185,SA,T,17-07-2022,5.83,6000,6400
248,Chau_Thanh,10.378696,105.309113,SA,T,17-07-2022,1.32,6000,7200
249,Chau_Thanh,10.415137,105.316832,SA,T,17-07-2022,2.42,6400,7200
250,Chau_Thanh,10.396712,105.324921,SA,T,17-07-2022,2.53,5500,7200
251,Chau_Thanh,10.396951,105.281083,SA,T,17-07-2022,3.3,5500,7200
252,Chau_Thanh,10.386495,105.284636,SA,T,17-07-2022,1.98,6500,7000
253,Chau_Thanh,10.394517,105.260713,SA,T,19-07-2022,4.4,5500,6800
254,Chau_Thanh,10.406199,105.248616,SA,T,19-07-2022,6.05,6500,7200
255,Chau_Thanh,10.402927,105.235656,SA,T,19-07-2022,1.98,5500,7040
256,Chau_Thanh,10.392248,105.227502,SA,T,19-07-2022,2.2,6500,7200
257,Chau_Thanh,10.375756,105.208993,SA,T,19-07-2022,1.98,6000,6800
258,Chau_Thanh,10.374004,105.228649,SA,T,19-07-2022,4.95,6000,7200
259,Chau_Thanh,10.374524,105.255016,SA,T,19-07-2022,4.0,6400,7200
260,Chau_Thanh,10.370371,105.275589,SA,T,19-07-2022,3.0,6400,6880
261,Chau_Thanh,10.404721,105.258428,SA,T,19-07-2022,5.0,6400,7000
262,Chau_Thanh,10.359519,105.360913,SA,T,04-08-2022,4.0,6400,8000
263,Chau_Thanh,10.354744,105.336739,SA,T,04-08-2022,1.6,5500,7200
264,Chau_Thanh,10.38045,105.349866,SA,T,04-08-2022,2.5,5500,7200
265,Chau_Thanh,10.374447,105.330923,SA,T,04-08-2022,3.2,6500,7600
266,Chau_Thanh,10.363786,105.288188,SA,T,04-08-2022,2.8,6000,8000
267,Chau_Thanh,10.369692,105.29684,SA,T,04-08-2022,4.0,5500,7200
268,Chau_Thanh,10.446006,105.338972,WS,T,20-03-2022,2.2,8000,5500
269,Chau_Thanh,10.442271,105.339057,WS,T,20-03-2022,2.53,7000,6000
270,Chau_Thanh,10.439647,105.334052,WS,T,20-03-2022,2.42,8000,6500
271,Chau_Thanh,10.444036,105.331928,WS,T,20-03-2022,2.42,7200,6000
272,Chau_Thanh,10.443677,105.348236,WS,T,20-03-2022,1.76,7040,6000
273,Chau_Thanh,10.454342,105.322838,WS,D,20-03-2022,1.375,7600,6000
274,Chau_Thanh,10.447125,105.31374,WS,T,20-03-2022,2.75,7000,6400
275,Chau_Thanh,10.436532,105.313783,WS,T,20-03-2022,1.32,7760,5500
276,Chau_Thanh,10.430707,105.315671,WS,T,20-03-2022,1.54,7040,6000
277,Chau_Thanh,10.434624,105.327551,WS,T,20-03-2022,2.53,7400,6600
278,Chau_Thanh,10.470305,105.287062,WS,T,25-03-2022,1.43,7000,5500
279,Chau_Thanh,10.434116,105.27315,WS,T,25-03-2022,2.2,7000,6000
280,Chau_Thanh,10.494104,105.291042,WS,D,25-03-2022,1.76,7000,6500
281,Chau_Thanh,10.43531,105.292557,WS,T,25-03-2022,1.87,7600,5500
282,Chau_Thanh,10.419561,105.277369,WS,T,25-03-2022,1.43,7200,5500
283,Chau_Thanh,10.443492,105.281103,WS,T,25-03-2022,3.3,8000,6000
284,Chau_Thanh,10.458369,105.270803,WS,T,25-03-2022,1.87,7200,6400
285,Chau_Thanh,10.470013,105.264425,WS,T,25-03-2022,1.54,7200,5500
286,Chau_Thanh,10.485812,105.267525,WS,T,25-03-2022,2.2,7040,5500
287,Chau_Thanh,10.400189,105.331053,WS,T,25-03-2022,1.32,7000,6000
288,Chau_Thanh,10.384444,105.3447,WS,T,25-03-2022,2.09,8000,5500
289,Chau_Thanh,10.391491,105.34899,WS,T,25-03-2022,2.2,7600,6000
290,Chau_Thanh,10.399353,105.356462,WS,T,25-03-2022,2.2,7000,5500
291,Chau_Thanh,10.417429,105.363577,WS,T,25-03-2022,3.3,6400,6000
292,Chau_Thanh,10.411649,105.370659,WS,T,25-03-2022,1.43,7760,6000
293,Chau_Thanh,10.405902,105.36283,WS,T,25-03-2022,2.53,8000,6500
294,Chau_Thanh,10.391149,105.359279,WS,T,25-03-2022,2.035,7040,5500
295,Chau_Thanh,10.412537,105.321768,WS,T,25-03-2022,3.08,7000,6000
296,Chau_Thanh,10.377238,105.165363,WS,T,25-03-2022,2.2,7200,6000
297,Chau_Thanh,10.381544,105.174719,WS,T,25-03-2022,2.2,8000,6400
298,Chau_Thanh,10.37346,105.184697,WS,T,25-03-2022,1.65,6800,5500
299,Chau_Thanh,10.386546,105.19302,WS,T,24-03-2022,1.65,7200,6000
300,Chau_Thanh,10.396044,105.180167,WS,T,24-03-2022,1.32,7200,6000
301,Chau_Thanh,10.389374,105.169781,WS,T,24-03-2022,2.09,7040,6000
302,Chau_Thanh,10.395094,105.169245,WS,T,24-03-2022,3.85,7200,6000
303,Chau_Thanh,10.391781,105.161155,WS,T,24-03-2022,1.87,7040,6400
304,Chau_Thanh,10.379507,105.154892,WS,T,24-03-2022,1.32,7200,6500
305,Chau_Thanh,10.378511,105.144998,WS,T,24-03-2022,1.65,8000,6000
306,Chau_Thanh,10.387123,105.119326,WS,T,24-03-2022,1.87,6800,6000
307,Chau_Thanh,10.394341,105.126836,WS,T,24-03-2022,4.4,7000,6000
308,Chau_Thanh,10.395734,105.143745,WS,T,24-03-2022,1.76,6960,6000
309,Chau_Thanh,10.389594,105.147461,WS,T,24-03-2022,3.3,6400,6000
310,Chau_Thanh,10.426536,105.115181,WS,T,27-03-2022,1.43,7200,6000
311,Chau_Thanh,10.419552,105.116409,WS,D,27-03-2022,3.3,7200,6000
312,Chau_Thanh,10.403175,105.123726,WS,D,27-03-2022,4.4,6400,6000
313,Chau_Thanh,10.399444,105.118528,WS,T,27-03-2022,1.65,7000,6000
314,Chau_Thanh,10.408214,105.131329,WS,T,27-03-2022,1.98,7000,5500
315,Chau_Thanh,10.408003,105.139183,WS,T,27-03-2022,2.64,7200,6000
316,Chau_Thanh,10.41636,105.142144,WS,T,27-03-2022,1.43,7000,6000
317,Chau_Thanh,10.399645,105.141286,WS,T,27-03-2022,5.5,8000,5500
318,Chau_Thanh,10.407581,105.1521,WS,T,27-03-2022,2.75,7000,6400
319,Chau_Thanh,10.400025,105.152916,WS,T,27-03-2022,2.53,7000,6000
320,Chau_Thanh,10.42324,105.126544,WS,D,27-03-2022,1.87,7200,6000
321,Chau_Thanh,10.421066,105.136822,WS,D,27-03-2022,2.75,7000,6000
322,Chau_Thanh,10.429339,105.125493,WS,D,27-03-2022,3.3,6800,6000
323,Chau_Thanh,10.435839,105.132981,WS,D,27-03-2022,1.21,7920,6000
324,Chau_Thanh,10.429142,105.151556,WS,T,27-03-2022,3.08,7000,6500
325,Chau_Thanh,10.438048,105.153225,WS,T,27-03-2022,5.5,8000,6400
326,Chau_Thanh,10.43062,105.165627,WS,T,27-03-2022,1.65,7600,5500
327,Chau_Thanh,10.428426,105.156744,WS,T,27-03-2022,1.65,7200,6000
328,Chau_Thanh,10.420174,105.16361,WS,T,27-03-2022,2.2,8000,6600
329,Chau_Thanh,10.415236,105.156765,WS,T,27-03-2022,1.54,8000,6000
330,Chau_Thanh,10.420702,105.15698,WS,T,27-03-2022,3.3,7200,6000
331,Chau_Thanh,10.422463,105.151846,WS,T,27-03-2022,2.75,7200,6000
332,Chau_Thanh,10.44819,105.181879,WS,T,26-03-2022,3.245,6400,6000
333,Chau_Thanh,10.447684,105.190977,WS,T,26-03-2022,1.98,8000,6500
334,Chau_Thanh,10.452516,105.191857,WS,T,26-03-2022,2.2,7200,6000
335,Chau_Thanh,10.458467,105.196191,WS,T,26-03-2022,1.87,7200,6500
336,Chau_Thanh,10.452537,105.205118,WS,T,26-03-2022,5.5,7200,6000
337,Chau_Thanh,10.427104,105.210954,WS,T,26-03-2022,1.65,7200,5500
338,Chau_Thanh,10.437524,105.185343,WS,D,26-03-2022,2.75,8000,6000
339,Chau_Thanh,10.426155,105.176598,WS,T,26-03-2022,2.09,7200,6000
340,Chau_Thanh,10.412311,105.176834,WS,T,26-03-2022,1.54,8000,6500
341,Chau_Thanh,10.400449,105.171793,WS,T,26-03-2022,1.43,8000,5500
342,Chau_Thanh,10.402793,105.189574,WS,T,26-03-2022,1.54,6800,6000
343,Chau_Thanh,10.445632,105.21046,WS,D,26-03-2022,1.32,7500,6000
344,Chau_Thanh,10.405702,105.208668,WS,T,26-03-2022,1.32,7500,6000
345,Chau_Thanh,10.417324,105.208881,WS,T,26-03-2022,3.3,7500,5500
346,Chau_Thanh,10.414226,105.195214,WS,T,26-03-2022,1.87,6400,6000
347,Chau_Thanh,10.452718,105.220233,WS,T,26-03-2022,1.32,7500,6000
348,Chau_Thanh,10.437524,105.202166,WS,D,26-03-2022,2.31,7200,6000
349,Chau_Thanh,10.459704,105.218744,WS,T,21-03-2022,1.65,7200,5500
350,Chau_Thanh,10.451085,105.243664,WS,T,27-03-2022,1.43,7200,6600
351,Chau_Thanh,10.433791,105.231265,WS,T,27-03-2022,1.98,6800,6000
352,Chau_Thanh,10.417011,105.261676,WS,T,27-03-2022,1.54,7900,6400
353,Chau_Thanh,10.455571,105.240074,WS,T,27-03-2022,2.09,7200,6000
354,Chau_Thanh,10.467229,105.24767,WS,T,27-03-2022,1.54,7200,5500
355,Chau_Thanh,10.454948,105.23029,WS,T,27-03-2022,1.65,7200,6000
356,Chau_Thanh,10.430085,105.221996,WS,D,27-03-2022,2.75,7760,6000
357,Chau_Thanh,10.420483,105.223648,WS,T,27-03-2022,3.08,8000,6000
358,Chau_Thanh,10.413742,105.22261,WS,T,27-03-2022,1.65,6800,6000
359,Chau_Thanh,10.410742,105.220616,WS,T,27-03-2022,2.53,7400,6000
360,Chau_Thanh,10.406597,105.221367,WS,T,27-03-2022,1.32,7000,6000
361,Chau_Thanh,10.413908,105.234515,WS,T,27-03-2022,1.65,7500,5500
362,Chau_Thanh,10.375656,105.29185,WS,T,27-03-2022,5.83,6400,6000
363,Chau_Thanh,10.40466,105.311554,WS,T,27-03-2022,1.87,6800,6000
364,Chau_Thanh,10.396712,105.324921,WS,T,27-03-2022,2.53,7200,5500
365,Chau_Thanh,10.409187,105.288345,WS,T,27-03-2022,2.64,7600,6000
366,Chau_Thanh,10.396951,105.281083,WS,T,27-03-2022,3.3,7200,5500
367,Chau_Thanh,10.386495,105.284636,WS,T,27-03-2022,1.98,7000,6500
368,Chau_Thanh,10.394517,105.260713,WS,T,22-03-2022,4.4,6800,5500
369,Chau_Thanh,10.406199,105.248616,WS,T,22-03-2022,6.05,7200,6500
370,Chau_Thanh,10.402927,105.235656,WS,T,22-03-2022,1.98,7040,5500
371,Chau_Thanh,10.399256,105.204494,WS,T,22-03-2022,1.76,7000,6000
372,Chau_Thanh,10.387459,105.205582,WS,T,22-03-2022,6.6,7200,6000
373,Chau_Thanh,10.375756,105.208993,WS,T,22-03-2022,1.98,6800,6000
374,Chau_Thanh,10.370371,105.275589,WS,T,22-03-2022,3.0,6880,6400
375,Chau_Thanh,10.387619,105.243467,WS,T,22-03-2022,1.3,7000,6000
376,Chau_Thanh,10.404721,105.258428,WS,T,22-03-2022,5.0,7000,6400
377,Chau_Thanh,10.395256,105.268561,WS,T,22-03-2022,1.5,8000,6000
378,Chau_Thanh,10.380497,105.274972,WS,T,22-03-2022,3.5,7040,6000
379,Chau_Thanh,10.359519,105.360913,WS,T,10-04-2022,4.0,8000,6400
380,Chau_Thanh,10.364433,105.327337,WS,T,10-04-2022,2.0,7200,6000
381,Chau_Thanh,10.38045,105.349866,WS,T,10-04-2022,2.5,7200,5500
382,Chau_Thanh,10.374447,105.330923,WS,T,10-04-2022,3.2,7600,6500
383,Chau_Thanh,10.356519,105.30945,WS,T,10-04-2022,5.0,7200,6000
384,Chau_Thanh,10.363786,105.288188,WS,T,10-04-2022,2.8,8000,6000
385,Chau_Thanh,10.369819,105.304833,WS,T,10-04-2022,2.2,7200,6000
386,Thoai_Son,10.262288,105.409359,SA,T,05-07-2022,2.3,6000,7200
387,Thoai_Son,10.270666,105.424059,SA,T,05-07-2022,1.7,6000,7200
388,Thoai_Son,10.282741,105.414218,SA,D,05-07-2022,2.9,5600,6800
389,Thoai_Son,10.292251,105.405536,SA,D,05-07-2022,1.26,5600,7200
390,Thoai_Son,10.303175,105.416814,SA,D,05-07-2022,2.0,6240,8000
391,Thoai_Son,10.34297,105.382435,SA,D,12-07-2022,1.87,6400,7200
392,Thoai_Son,10.334417,105.375498,SA,D,12-07-2022,3.0,6000,7200
393,Thoai_Son,10.31856,105.374468,SA,D,12-07-2022,1.4,5600,7200
394,Thoai_Son,10.320676,105.364971,SA,D,12-07-2022,2.1,6400,7200
395,Thoai_Son,10.3037,105.354593,SA,T,12-07-2022,4.0,6400,7600
396,Thoai_Son,10.314233,105.359823,SA,D,12-07-2022,1.52,6800,8000
397,Thoai_Son,10.303437,105.381252,SA,T,12-07-2022,2.1,6000,7200
398,Thoai_Son,10.275826,105.364451,SA,T,12-07-2022,2.1,6800,6960
399,Thoai_Son,10.257715,105.375007,SA,T,12-07-2022,1.65,6000,7200
400,Thoai_Son,10.342299,105.365285,SA,T,20-07-2022,4.0,6000,6640
401,Thoai_Son,10.327284,105.359541,SA,T,20-07-2022,5.0,6000,7200
402,Thoai_Son,10.342217,105.346028,SA,T,20-07-2022,3.0,5600,7600
403,Thoai_Son,10.327543,105.350908,SA,T,20-07-2022,2.0,6160,7600
404,Thoai_Son,10.327617,105.33024,SA,T,20-07-2022,2.95,5600,7200
405,Thoai_Son,10.339092,105.325101,SA,T,20-07-2022,1.5,5600,6640
406,Thoai_Son,10.282445,105.330149,SA,T,20-07-2022,2.04,5440,6640
407,Thoai_Son,10.258961,105.323388,SA,T,20-07-2022,3.0,6000,7760
408,Thoai_Son,10.249044,105.347198,SA,T,20-07-2022,3.5,6000,7200
409,Thoai_Son,10.268095,105.344826,SA,T,20-07-2022,1.5,6000,7200
410,Thoai_Son,10.268524,105.337611,SA,T,20-07-2022,2.0,6000,7200
411,Thoai_Son,10.248814,105.361138,SA,T,20-07-2022,5.0,5600,8000
412,Thoai_Son,10.306769,105.34023,SA,T,20-07-2022,2.1,6000,7200
413,Thoai_Son,10.316024,105.309873,SA,T,20-07-2022,1.39,5600,7440
414,Thoai_Son,10.298963,105.275991,SA,T,20-07-2022,2.1,6000,7600
415,Thoai_Son,10.282365,105.276189,SA,T,20-07-2022,1.91,5600,7200
416,Thoai_Son,10.272277,105.291556,SA,T,20-07-2022,1.5,6000,6400
417,Thoai_Son,10.277579,105.307934,SA,T,20-07-2022,2.3,6000,8000
418,Thoai_Son,10.345924,105.270456,SA,T,20-07-2022,1.5,5200,7200
419,Thoai_Son,10.303589,105.234936,SA,T,20-07-2022,2.0,6000,6400
420,Thoai_Son,10.319903,105.230831,SA,T,20-07-2022,1.62,6000,6400
421,Thoai_Son,10.325047,105.251136,SA,T,20-07-2022,2.0,5600,7200
422,Thoai_Son,10.320371,105.259016,SA,T,20-07-2022,1.52,5600,7200
423,Thoai_Son,10.3154,105.280846,SA,T,20-07-2022,2.3,6000,7200
424,Thoai_Son,10.33114,105.278682,SA,T,20-07-2022,2.1,5600,8000
425,Thoai_Son,10.337977,105.288583,SA,T,20-07-2022,2.1,5600,7200
426,Thoai_Son,10.299014,105.215448,SA,T,23-07-2022,3.0,5600,7200
427,Thoai_Son,10.309139,105.215737,SA,T,23-07-2022,3.6,6000,7200
428,Thoai_Son,10.318227,105.218967,SA,T,23-07-2022,3.5,6000,8000
429,Thoai_Son,10.327832,105.216844,SA,T,23-07-2022,6.0,5600,8000
430,Thoai_Son,10.346876,105.206507,SA,T,23-07-2022,4.0,5600,8000
431,Thoai_Son,10.337185,105.197822,SA,T,23-07-2022,3.0,5600,7200
432,Thoai_Son,10.321392,105.177554,SA,T,23-07-2022,6.0,6000,7200
433,Thoai_Son,10.319027,105.191902,SA,T,23-07-2022,4.0,5200,7200
434,Thoai_Son,10.303766,105.203102,SA,T,23-07-2022,2.2,5600,7200
435,Thoai_Son,10.287565,105.192862,SA,T,23-07-2022,2.2,5600,7200
436,Thoai_Son,10.290816,105.182958,SA,T,23-07-2022,2.0,5600,7200
437,Thoai_Son,10.283233,105.260351,SA,T,22-07-2022,5.0,5600,7200
438,Thoai_Son,10.275776,105.258985,SA,T,22-07-2022,1.5,5600,6400
439,Thoai_Son,10.284315,105.252391,SA,T,22-07-2022,3.3,5600,7200
440,Thoai_Son,10.281994,105.246519,SA,T,22-07-2022,3.2,5600,6400
441,Thoai_Son,10.280407,105.223352,SA,T,22-07-2022,1.88,5600,7200
442,Thoai_Son,10.244181,105.230614,SA,T,22-07-2022,2.3,6400,6400
443,Thoai_Son,10.250745,105.24539,SA,T,22-07-2022,3.0,5200,7200
444,Thoai_Son,10.214156,105.214175,SA,T,20-07-2022,5.0,6000,7200
445,Thoai_Son,10.208515,105.202809,SA,T,20-07-2022,2.67,6400,7200
446,Thoai_Son,10.212886,105.174836,SA,T,20-07-2022,2.4,5600,7200
447,Thoai_Son,10.246984,105.216849,SA,T,20-07-2022,4.0,5600,7200
448,Thoai_Son,10.205563,105.193771,SA,T,20-07-2022,2.1,5600,7200
449,Thoai_Son,10.195117,105.200047,SA,T,20-07-2022,3.2,5600,7200
450,Thoai_Son,10.265977,105.125368,SA,T,20-07-2022,2.0,5600,8000
451,Thoai_Son,10.227394,105.164987,SA,T,20-07-2022,3.0,5600,8000
452,Thoai_Son,10.232673,105.15164,SA,T,20-07-2022,4.0,5600,7200
453,Thoai_Son,10.262681,105.14739,SA,T,25-07-2022,5.0,6520,6400
454,Thoai_Son,10.284027,105.15814,SA,T,25-07-2022,3.2,5600,8000
455,Thoai_Son,10.254048,105.172039,SA,T,20-07-2022,3.6,5600,7200
456,Thoai_Son,10.245058,105.178415,SA,T,20-07-2022,1.7,5600,7200
457,Thoai_Son,10.297494,105.145318,SA,T,25-07-2022,9.0,5600,6640
458,Thoai_Son,10.320247,105.141848,SA,T,25-07-2022,2.5,5600,7200
459,Thoai_Son,10.30701,105.130668,SA,T,25-07-2022,4.9,5600,7200
460,Thoai_Son,10.325825,105.129268,SA,T,25-07-2022,5.0,5600,7200
461,Thoai_Son,10.331447,105.158675,SA,T,12-07-2022,4.0,6400,7840
462,Thoai_Son,10.35091,105.142796,SA,T,12-07-2022,1.97,5600,7200
463,Thoai_Son,10.35853,105.127583,SA,T,12-07-2022,4.2,5600,6400
464,Thoai_Son,10.368598,105.136423,SA,T,12-07-2022,1.72,5600,6400
465,Thoai_Son,10.364419,105.164984,SA,T,12-07-2022,7.8,5600,6640
466,Thoai_Son,10.358727,105.222371,SA,T,21-07-2022,2.0,5600,7200
467,Thoai_Son,10.358094,105.189541,SA,T,21-07-2022,2.0,5600,7200
468,Thoai_Son,10.368014,105.238516,SA,T,21-07-2022,6.2,5600,7200
469,Thoai_Son,10.365734,105.267634,SA,T,21-07-2022,2.5,5600,7200
470,Thoai_Son,10.282741,105.414218,WS,D,18-03-2022,2.9,6800,5600
471,Thoai_Son,10.292251,105.405536,WS,D,18-03-2022,1.26,7200,5600
472,Thoai_Son,10.303175,105.416814,WS,D,18-03-2022,2.0,8000,6240
473,Thoai_Son,10.320924,105.404264,WS,D,18-03-2022,3.6,8000,5600
474,Thoai_Son,10.335158,105.395026,WS,D,18-03-2022,2.2,7600,5600
475,Thoai_Son,10.34297,105.382435,WS,D,28-03-2022,1.87,7200,6400
476,Thoai_Son,10.3037,105.354593,WS,T,28-03-2022,4.0,7600,6400
477,Thoai_Son,10.292156,105.361294,WS,T,28-03-2022,2.3,7600,5600
478,Thoai_Son,10.314233,105.359823,WS,D,28-03-2022,1.52,8000,6800
479,Thoai_Son,10.275826,105.364451,WS,T,28-03-2022,2.1,6960,6800
480,Thoai_Son,10.257715,105.375007,WS,T,28-03-2022,1.65,7200,6000
481,Thoai_Son,10.342299,105.365285,WS,T,12-04-2022,4.0,6640,6000
482,Thoai_Son,10.33791,105.357013,WS,T,12-04-2022,2.0,7200,5600
483,Thoai_Son,10.342217,105.346028,WS,T,12-04-2022,3.0,7600,5600
484,Thoai_Son,10.327543,105.350908,WS,T,12-04-2022,2.0,7600,6160
485,Thoai_Son,10.339092,105.325101,WS,T,12-04-2022,1.5,6640,5600
486,Thoai_Son,10.342809,105.315657,WS,T,12-04-2022,3.0,6640,5600
487,Thoai_Son,10.290802,105.32462,WS,T,10-04-2022,1.9,7200,5600
488,Thoai_Son,10.28697,105.341571,WS,T,10-04-2022,1.78,6640,5600
489,Thoai_Son,10.282445,105.330149,WS,T,10-04-2022,2.04,6640,5440
490,Thoai_Son,10.258961,105.323388,WS,T,10-04-2022,3.0,7760,6000
491,Thoai_Son,10.27049,105.316832,WS,T,10-04-2022,2.5,7600,5600
492,Thoai_Son,10.252308,105.334358,WS,T,10-04-2022,2.0,7600,5600
493,Thoai_Son,10.249044,105.347198,WS,T,10-04-2022,3.5,7200,6000
494,Thoai_Son,10.248814,105.361138,WS,T,10-04-2022,5.0,8000,5600
495,Thoai_Son,10.328521,105.30163,WS,T,10-04-2022,1.6,6800,5600
496,Thoai_Son,10.316024,105.309873,WS,T,10-04-2022,1.39,7440,5600
497,Thoai_Son,10.306886,105.290958,WS,T,10-04-2022,1.85,8000,5600
498,Thoai_Son,10.298963,105.275991,WS,T,10-04-2022,2.1,7600,6000
499,Thoai_Son,10.272277,105.291556,WS,T,10-04-2022,1.5,6400,6000
500,Thoai_Son,10.277579,105.307934,WS,T,10-04-2022,2.3,8000,6000
501,Thoai_Son,10.291025,105.299533,WS,T,10-04-2022,1.5,7600,5600
502,Thoai_Son,10.309795,105.31553,WS,T,10-04-2022,2.0,8000,5600
503,Thoai_Son,10.345924,105.270456,WS,T,12-04-2022,1.5,7200,5200
504,Thoai_Son,10.29466,105.248528,WS,T,13-04-2022,2.2,7840,5600
505,Thoai_Son,10.307585,105.254064,WS,T,13-04-2022,1.7,7200,5600
506,Thoai_Son,10.303589,105.234936,WS,T,13-04-2022,2.0,6400,6000
507,Thoai_Son,10.319903,105.230831,WS,T,13-04-2022,1.62,6400,6000
508,Thoai_Son,10.331036,105.232626,WS,T,13-04-2022,2.6,8000,5600
509,Thoai_Son,10.332664,105.264027,WS,T,13-04-2022,4.0,6400,5600
510,Thoai_Son,10.33114,105.278682,WS,T,13-04-2022,2.1,8000,5600
511,Thoai_Son,10.28859,105.207594,WS,T,16-04-2022,1.75,8000,5600
512,Thoai_Son,10.309139,105.215737,WS,T,16-04-2022,3.6,7200,6000
513,Thoai_Son,10.318227,105.218967,WS,T,16-04-2022,3.5,8000,6000
514,Thoai_Son,10.327832,105.216844,WS,T,16-04-2022,6.0,8000,5600
515,Thoai_Son,10.346876,105.206507,WS,T,12-04-2022,4.0,8000,5600
516,Thoai_Son,10.340626,105.172116,WS,T,12-04-2022,3.0,7200,5600
517,Thoai_Son,10.321392,105.177554,WS,T,16-04-2022,6.0,7200,6000
518,Thoai_Son,10.265814,105.21507,WS,T,20-04-2022,5.0,7200,5600
519,Thoai_Son,10.257436,105.217205,WS,T,20-04-2022,2.3,7200,5600
520,Thoai_Son,10.283233,105.260351,WS,T,20-04-2022,5.0,7200,5600
521,Thoai_Son,10.275776,105.258985,WS,T,20-04-2022,1.5,6400,5600
522,Thoai_Son,10.281994,105.246519,WS,T,20-04-2022,3.2,6400,5600
523,Thoai_Son,10.280379,105.241273,WS,T,20-04-2022,2.54,6400,5600
524,Thoai_Son,10.244181,105.230614,WS,T,20-04-2022,2.3,6400,6400
525,Thoai_Son,10.23625,105.234527,WS,T,20-04-2022,2.3,8000,5600
526,Thoai_Son,10.227343,105.230821,WS,T,05-04-2022,1.8,7200,5600
527,Thoai_Son,10.208515,105.202809,WS,T,05-04-2022,2.67,7200,6400
528,Thoai_Son,10.228207,105.177659,WS,T,05-04-2022,4.0,6400,5600
529,Thoai_Son,10.22418,105.198785,WS,T,05-04-2022,2.5,6640,5600
530,Thoai_Son,10.236082,105.210347,WS,T,05-04-2022,2.0,8000,5600
531,Thoai_Son,10.195117,105.200047,WS,T,05-04-2022,3.2,7200,5600
532,Thoai_Son,10.265977,105.125368,WS,T,22-04-2022,2.0,8000,5600
533,Thoai_Son,10.227394,105.164987,WS,T,22-04-2022,3.0,8000,5600
534,Thoai_Son,10.262836,105.117192,WS,T,22-04-2022,6.0,6400,5600
535,Thoai_Son,10.262681,105.14739,WS,T,22-04-2022,5.0,6400,6520
536,Thoai_Son,10.24991,105.206339,WS,T,22-04-2022,4.0,8000,5600
537,Thoai_Son,10.270486,105.19207,WS,T,22-04-2022,3.2,8000,5600
538,Thoai_Son,10.279364,105.19089,WS,T,22-04-2022,3.0,7200,5600
539,Thoai_Son,10.284027,105.15814,WS,T,22-04-2022,3.2,8000,5600
540,Thoai_Son,10.254048,105.172039,WS,T,22-04-2022,3.6,7200,5600
541,Thoai_Son,10.255579,105.190922,WS,T,22-04-2022,1.65,8000,5600
542,Thoai_Son,10.245058,105.178415,WS,T,22-04-2022,1.7,7200,5600
543,Thoai_Son,10.286013,105.107472,WS,T,22-04-2022,2.3,7600,5600
544,Thoai_Son,10.281814,105.114918,WS,T,22-04-2022,5.0,6640,5600
545,Thoai_Son,10.283009,105.129752,WS,T,22-04-2022,6.0,7600,5600
546,Thoai_Son,10.284175,105.143442,WS,T,22-04-2022,1.26,8000,5600
547,Thoai_Son,10.297494,105.145318,WS,T,09-04-2022,9.0,6640,5600
548,Thoai_Son,10.30701,105.130668,WS,T,09-04-2022,4.9,7200,5600
549,Thoai_Son,10.331447,105.158675,WS,T,12-04-2022,4.0,7840,6400
550,Thoai_Son,10.35853,105.127583,WS,T,12-04-2022,4.2,6400,5600
551,Thoai_Son,10.368598,105.136423,WS,T,12-04-2022,1.72,6400,5600
552,Thoai_Son,10.364419,105.164984,WS,T,12-04-2022,7.8,6640,5600
553,Thoai_Son,10.358094,105.189541,WS,T,12-04-2022,2.0,7200,5600
554,Thoai_Son,10.368014,105.238516,WS,T,12-04-2022,6.2,7200,5600
555,Thoai_Son,10.275419,105.234563,WS,T,20-04-2022,3.0,6400,5600
556,Thoai_Son,10.304295,105.27046,WS,T,13-04-2022,2.3,7200,5600
