District,Latitude,Longitude,"Season(SA = Summer Autumn, WS = Winter Spring)","Rice Crop Intensity(D=Double, T=Triple)",Date of Harvest,Field size (ha),Rice Yield (kg/ha)
Chau_Phu,10.510542,105.248554,SA,T,15-07-2022,3.4,5500
Chau_Phu,10.50915,105.265098,SA,T,15-07-2022,2.43,6000
Chau_Phu,10.467721,105.192464,SA,D,15-07-2022,1.95,6400
Chau_Phu,10.494453,105.241281,SA,T,15-07-2022,4.3,6000
Chau_Phu,10.535058,105.252744,SA,D,14-07-2022,3.3,6400
Chau_Phu,10.50203,105.222373,SA,T,15-07-2022,3.5,5500
Chau_Phu,10.48195,105.238448,SA,T,15-07-2022,2,6600
Chau_Phu,10.476738,105.227333,SA,T,15-07-2022,4,6000
Chau_Phu,10.492098,105.216926,SA,T,15-07-2022,3,5500
Chau_Phu,10.485917,105.210104,SA,T,15-07-2022,5,6000
Chau_Phu,10.469839,105.211568,SA,T,15-07-2022,4,5500
Chau_Phu,10.501829,105.273585,SA,T,15-07-2022,3.5,6500
Chau_Phu,10.548011,105.248097,SA,T,13-07-2022,2.03,5500
Chau_Phu,10.533759,105.243145,SA,T,13-07-2022,2.8,5500
Chau_Phu,10.536277,105.293087,SA,T,14-07-2022,2,6500
Chau_Phu,10.502728,105.233111,SA,T,15-07-2022,3,6400
Chau_Phu,10.524439,105.254678,SA,D,14-07-2022,4,5500
Chau_Phu,10.522871,105.184845,SA,T,14-07-2022,2.5,5500
Chau_Phu,10.461453,105.172294,SA,D,14-07-2022,2.25,5500
Chau_Phu,10.467778,105.163448,SA,D,14-07-2022,4.9,5500
Chau_Phu,10.44784,105.141425,SA,D,14-07-2022,2,6600
Chau_Phu,10.521154,105.115666,SA,D,20-07-2022,3,5500
Chau_Phu,10.48065,105.130089,SA,T,20-07-2022,2,5500
Chau_Phu,10.463816,105.133945,SA,T,20-07-2022,1.7,6500
Chau_Phu,10.501648,105.096892,SA,T,20-07-2022,1.2,6000
Chau_Phu,10.510203,105.111601,SA,T,20-07-2022,2.1,5500
Chau_Phu,10.534074,105.126326,SA,T,20-07-2022,3,6400
Chau_Phu,10.636733,105.155635,SA,T,05-08-2022,3.2,6600
Chau_Phu,10.649258,105.142121,SA,D,05-08-2022,1.75,6000
Chau_Phu,10.663484,105.168203,SA,D,05-08-2022,3,6500
Chau_Phu,10.634849,105.13078,SA,T,05-08-2022,4,6000
Chau_Phu,10.612095,105.141919,SA,T,05-08-2022,2.5,6400
Chau_Phu,10.623506,105.132794,SA,T,05-08-2022,5,6000
Chau_Phu,10.628311,105.12253,SA,T,05-08-2022,2,6500
Chau_Phu,10.619835,105.201297,SA,T,09-08-2022,1.91,5500
Chau_Phu,10.633572,105.172813,SA,D,09-08-2022,2.5,6400
Chau_Phu,10.621354,105.162316,SA,D,09-08-2022,2,6400
Chau_Phu,10.615175,105.153736,SA,D,09-08-2022,2.3,6500
Chau_Phu,10.605148,105.164514,SA,D,09-08-2022,3,5500
Chau_Phu,10.594603,105.175686,SA,D,09-08-2022,2.2,6600
Chau_Phu,10.585209,105.164803,SA,D,09-08-2022,2.3,5500
Chau_Phu,10.603991,105.147312,SA,D,09-08-2022,3.34,6000
Chau_Phu,10.612317,105.116551,SA,T,05-08-2022,1.65,5500
Chau_Phu,10.571793,105.16066,SA,T,05-08-2022,4,5500
Chau_Phu,10.565493,105.106594,SA,D,05-08-2022,3,6500
Chau_Phu,10.593644,105.075243,SA,T,05-08-2022,2,6000
Chau_Phu,10.608536,105.076041,SA,T,05-08-2022,1.3,6000
Chau_Phu,10.588345,105.091229,SA,T,05-08-2022,1.45,6000
Chau_Phu,10.59278,105.103464,SA,T,05-08-2022,1.6,6000
Chau_Phu,10.58174,105.119446,SA,T,05-08-2022,2,5500
Chau_Phu,10.571202,105.135919,SA,T,05-08-2022,1.8,6000
Chau_Phu,10.592696,105.11414,SA,T,05-08-2022,5,6000
Chau_Phu,10.590564,105.128439,SA,T,05-08-2022,5,6000
Chau_Phu,10.625462,105.098238,SA,T,05-08-2022,3.6,6500
Chau_Phu,10.619493,105.095029,SA,T,05-08-2022,2.3,6400
Chau_Phu,10.560601,105.1792,SA,T,28-07-2022,2,6400
Chau_Phu,10.565735,105.172074,SA,T,28-07-2022,2,5500
Chau_Phu,10.555822,105.1711,SA,T,28-07-2022,1.95,5500
Chau_Phu,10.542192,105.18792,SA,T,28-07-2022,1.4,6500
Chau_Phu,10.546857,105.181035,SA,T,28-07-2022,2.6,5500
Chau_Phu,10.546629,105.163964,SA,T,28-07-2022,2,6500
Chau_Phu,10.547628,105.146859,SA,T,28-07-2022,1.65,6500
Chau_Phu,10.534615,105.134916,SA,T,28-07-2022,2.56,6000
Chau_Phu,10.521024,105.146349,SA,T,28-07-2022,1.5,6000
Chau_Phu,10.546679,105.126512,SA,D,28-07-2022,1.74,6400
Chau_Phu,10.505349,105.165087,SA,T,28-07-2022,1.7,6000
Chau_Phu,10.51191,105.170596,SA,T,28-07-2022,1.7,6500
Chau_Phu,10.522164,105.178664,SA,T,28-07-2022,3.6,5500
Chau_Phu,10.548566,105.198194,SA,T,05-08-2022,2.7,6400
Chau_Phu,10.557257,105.1886,SA,T,05-08-2022,1.8,5500
Chau_Phu,10.576126,105.183375,SA,T,05-08-2022,1.5,5500
Chau_Phu,10.56984,105.190938,SA,T,05-08-2022,2.3,6500
Chau_Phu,10.585739,105.193578,SA,T,05-08-2022,2.3,5500
Chau_Phu,10.510542,105.248554,WS,T,01-04-2022,3.4,6800
Chau_Phu,10.50915,105.265098,WS,T,01-04-2022,2.43,7200
Chau_Phu,10.501829,105.273585,WS,T,01-04-2022,3.5,8000
Chau_Phu,10.485464,105.251956,WS,T,02-04-2022,2,7040
Chau_Phu,10.494453,105.241281,WS,T,01-04-2022,4.3,7600
Chau_Phu,10.50203,105.222373,WS,T,01-04-2022,3.5,7760
Chau_Phu,10.48195,105.238448,WS,T,01-04-2022,2,6400
Chau_Phu,10.476738,105.227333,WS,T,03-04-2022,4,7200
Chau_Phu,10.474439,105.216928,WS,T,04-04-2022,7,6800
Chau_Phu,10.482003,105.203866,WS,T,01-04-2022,3,7200
Chau_Phu,10.468679,105.203699,WS,T,01-04-2022,1.3,8000
Chau_Phu,10.467721,105.192464,WS,D,12-04-2022,1.95,7200
Chau_Phu,10.557185,105.227883,WS,D,12-04-2022,2.95,7200
Chau_Phu,10.550361,105.218667,WS,D,06-04-2022,3.03,7040
Chau_Phu,10.540457,105.207852,WS,D,06-04-2022,1.2,6400
Chau_Phu,10.533759,105.243145,WS,T,10-04-2022,2.8,8000
Chau_Phu,10.539297,105.225673,WS,T,10-04-2022,2,8000
Chau_Phu,10.527277,105.237319,WS,T,10-04-2022,2.9,6880
Chau_Phu,10.522821,105.229739,WS,T,10-04-2022,5.4,6400
Chau_Phu,10.536277,105.293087,WS,T,01-04-2022,2,7760
Chau_Phu,10.542998,105.261159,WS,D,01-04-2022,4.9,7040
Chau_Phu,10.524082,105.268907,WS,D,01-04-2022,2.1,6400
Chau_Phu,10.549477,105.273725,WS,D,01-04-2022,1.55,7200
Chau_Phu,10.524439,105.254678,WS,D,01-04-2022,4,6800
Chau_Phu,10.445962,105.123164,WS,D,07-04-2022,3,7200
Chau_Phu,10.46658,105.139698,WS,D,06-04-2022,3,7600
Chau_Phu,10.498551,105.167513,WS,T,04-04-2022,1.4,7200
Chau_Phu,10.522871,105.184845,WS,T,03-04-2022,2.5,7040
Chau_Phu,10.527792,105.204924,WS,T,03-04-2022,3.2,7200
Chau_Phu,10.514912,105.216308,WS,D,03-04-2022,2,7040
Chau_Phu,10.505489,105.203926,WS,D,03-04-2022,1.4,7200
Chau_Phu,10.464233,105.183189,WS,T,03-04-2022,3.7,6400
Chau_Phu,10.461453,105.172294,WS,D,03-04-2022,2.25,6400
Chau_Phu,10.467778,105.163448,WS,D,03-04-2022,4.9,6960
Chau_Phu,10.458071,105.162504,WS,D,03-04-2022,2,6400
Chau_Phu,10.44784,105.141425,WS,D,03-04-2022,2,6400
Chau_Phu,10.513536,105.127422,WS,D,10-04-2022,2.4,6400
Chau_Phu,10.492507,105.122386,WS,T,10-04-2022,3.4,6400
Chau_Phu,10.475484,105.13594,WS,T,10-04-2022,2.1,7200
Chau_Phu,10.455882,105.126628,WS,D,10-04-2022,1.9,6800
Chau_Phu,10.545098,105.112895,WS,D,10-04-2022,3.6,6400
Chau_Phu,10.5263,105.091077,WS,T,10-04-2022,1.62,7200
Chau_Phu,10.479304,105.102943,WS,D,10-04-2022,2.9,6800
Chau_Phu,10.510203,105.111601,WS,T,10-04-2022,2.1,7920
Chau_Phu,10.499686,105.158111,WS,D,10-04-2022,2.1,6400
Chau_Phu,10.534074,105.126326,WS,T,10-04-2022,3,8000
Chau_Phu,10.636733,105.155635,WS,T,10-04-2022,3.2,8000
Chau_Phu,10.649258,105.142121,WS,D,10-04-2022,1.75,8000
Chau_Phu,10.676956,105.147011,WS,D,10-04-2022,3.2,7200
Chau_Phu,10.64394,105.165296,WS,T,10-04-2022,1.4,6400
Chau_Phu,10.653314,105.174185,WS,T,10-04-2022,3,7200
Chau_Phu,10.663484,105.168203,WS,D,10-04-2022,3,7200
Chau_Phu,10.64683,105.119494,WS,T,10-04-2022,2.4,7200
Chau_Phu,10.634849,105.13078,WS,T,10-04-2022,4,6400
Chau_Phu,10.626774,105.140369,WS,T,10-04-2022,4,7200
Chau_Phu,10.612095,105.141919,WS,T,10-04-2022,2.5,8000
Chau_Phu,10.628311,105.12253,WS,T,10-04-2022,2,8000
Chau_Phu,10.630244,105.19128,WS,D,12-04-2022,6,6800
Chau_Phu,10.599524,105.186221,WS,D,12-04-2022,1.3,6400
Chau_Phu,10.61225,105.175364,WS,D,12-04-2022,4,7200
Chau_Phu,10.605148,105.164514,WS,D,12-04-2022,3,7200
Chau_Phu,10.595261,105.15779,WS,D,12-04-2022,2.04,6800
Chau_Phu,10.603991,105.147312,WS,D,12-04-2022,3.34,7920
Chau_Phu,10.603094,105.127872,WS,T,10-04-2022,2.3,8000
Chau_Phu,10.580993,105.154027,WS,T,10-04-2022,2,7200
Chau_Phu,10.571793,105.16066,WS,T,10-04-2022,4,7200
Chau_Phu,10.559295,105.124493,WS,T,10-04-2022,1.8,7200
Chau_Phu,10.552114,105.091399,WS,D,10-04-2022,3.6,7760
Chau_Phu,10.56526,105.088832,WS,T,10-04-2022,1.65,8000
Chau_Phu,10.593644,105.075243,WS,T,10-04-2022,2,6800
Chau_Phu,10.571202,105.135919,WS,T,10-04-2022,1.8,7200
Chau_Phu,10.590564,105.128439,WS,T,10-04-2022,5,8000
Chau_Phu,10.619493,105.095029,WS,T,10-04-2022,2.3,6800
Chau_Phu,10.565735,105.172074,WS,T,10-04-2022,2,7200
Chau_Phu,10.562531,105.169469,WS,T,10-04-2022,1.25,7600
Chau_Phu,10.555822,105.1711,WS,T,10-04-2022,1.95,7200
Chau_Phu,10.546857,105.181035,WS,T,10-04-2022,2.6,6800
Chau_Phu,10.546629,105.163964,WS,T,10-04-2022,1.95,7200
Chau_Phu,10.554634,105.1522,WS,D,10-04-2022,2.3,7040
Chau_Phu,10.547628,105.146859,WS,T,10-04-2022,1.65,7200
Chau_Phu,10.534615,105.134916,WS,T,10-04-2022,2.56,6800
Chau_Phu,10.521024,105.146349,WS,T,10-04-2022,1.5,6400
Chau_Phu,10.546679,105.126512,WS,D,10-04-2022,1.74,6400
Chau_Phu,10.505349,105.165087,WS,T,10-04-2022,1.7,6880
Chau_Phu,10.522164,105.178664,WS,T,10-04-2022,3.6,7760
Chau_Phu,10.531488,105.186775,WS,T,10-04-2022,3,8000
Chau_Phu,10.536087,105.175145,WS,T,10-04-2022,5,7040
Chau_Phu,10.548566,105.198194,WS,T,10-04-2022,2.7,6800
Chau_Phu,10.567359,105.177342,WS,T,10-04-2022,1.8,7200
Chau_Phu,10.576126,105.183375,WS,T,10-04-2022,1.5,7200
Chau_Phu,10.564704,105.19729,WS,T,10-04-2022,2,7200
Chau_Phu,10.558195,105.203328,WS,T,10-04-2022,1.4,8000
Chau_Phu,10.585739,105.193578,WS,T,10-04-2022,2.3,7040
Chau_Phu,10.581404,105.200348,WS,T,10-04-2022,1.8,7200
Chau_Phu,10.570816,105.208925,WS,T,10-04-2022,2.15,7200
Chau_Thanh,10.446006,105.338972,SA,T,10-07-2022,2.2,5500
Chau_Thanh,10.442271,105.339057,SA,T,10-07-2022,2.53,6000
Chau_Thanh,10.439647,105.334052,SA,T,10-07-2022,2.42,6500
Chau_Thanh,10.444036,105.331928,SA,T,10-07-2022,2.42,6000
Chau_Thanh,10.447125,105.31374,SA,T,10-07-2022,2.75,6400
Chau_Thanh,10.436532,105.313783,SA,T,10-07-2022,1.32,5500
Chau_Thanh,10.434624,105.327551,SA,T,10-07-2022,2.53,6600
Chau_Thanh,10.420981,105.295797,SA,T,15-07-2022,1.76,6000
Chau_Thanh,10.470305,105.287062,SA,T,15-07-2022,1.43,5500
Chau_Thanh,10.494104,105.291042,SA,D,15-07-2022,1.76,6500
Chau_Thanh,10.43531,105.292557,SA,T,15-07-2022,1.87,5500
Chau_Thanh,10.419561,105.277369,SA,T,15-07-2022,1.43,5500
Chau_Thanh,10.458369,105.270803,SA,T,15-07-2022,1.87,6400
Chau_Thanh,10.470013,105.264425,SA,T,15-07-2022,1.54,5500
Chau_Thanh,10.485812,105.267525,SA,T,15-07-2022,2.2,5500
Chau_Thanh,10.390554,105.336857,SA,T,15-07-2022,3.3,5500
Chau_Thanh,10.384444,105.3447,SA,T,15-07-2022,2.09,5500
Chau_Thanh,10.391491,105.34899,SA,T,15-07-2022,2.2,6000
Chau_Thanh,10.399353,105.356462,SA,T,15-07-2022,2.2,5500
Chau_Thanh,10.409367,105.355252,SA,T,15-07-2022,2.42,5500
Chau_Thanh,10.405902,105.36283,SA,T,15-07-2022,2.53,6500
Chau_Thanh,10.391149,105.359279,SA,T,15-07-2022,2.035,5500
Chau_Thanh,10.381544,105.174719,SA,T,14-07-2022,2.2,6400
Chau_Thanh,10.37346,105.184697,SA,T,14-07-2022,1.65,5500
Chau_Thanh,10.396044,105.180167,SA,T,14-07-2022,1.32,6000
Chau_Thanh,10.391295,105.178235,SA,T,14-07-2022,2.09,6700
Chau_Thanh,10.389374,105.169781,SA,T,14-07-2022,2.09,6000
Chau_Thanh,10.395094,105.169245,SA,T,14-07-2022,3.85,6000
Chau_Thanh,10.391781,105.161155,SA,T,14-07-2022,1.87,6400
Chau_Thanh,10.379507,105.154892,SA,T,14-07-2022,1.32,6500
Chau_Thanh,10.378511,105.144998,SA,T,14-07-2022,1.65,6000
Chau_Thanh,10.375619,105.124248,SA,T,14-07-2022,1.87,6000
Chau_Thanh,10.395734,105.143745,SA,T,14-07-2022,1.76,6000
Chau_Thanh,10.419552,105.116409,SA,D,26-07-2022,3.3,6000
Chau_Thanh,10.414613,105.125615,SA,T,26-07-2022,3.85,6000
Chau_Thanh,10.407982,105.123304,SA,D,26-07-2022,2.75,5500
Chau_Thanh,10.403175,105.123726,SA,D,26-07-2022,4.4,6000
Chau_Thanh,10.399444,105.118528,SA,T,26-07-2022,1.65,6000
Chau_Thanh,10.408214,105.131329,SA,T,26-07-2022,1.98,5500
Chau_Thanh,10.399645,105.141286,SA,T,26-07-2022,5.5,5500
Chau_Thanh,10.407581,105.1521,SA,T,26-07-2022,2.75,6400
Chau_Thanh,10.42324,105.126544,SA,D,26-07-2022,1.87,6000
Chau_Thanh,10.421066,105.136822,SA,D,26-07-2022,2.75,6000
Chau_Thanh,10.429339,105.125493,SA,D,26-07-2022,3.3,6000
Chau_Thanh,10.429212,105.141436,SA,D,26-07-2022,1.21,6000
Chau_Thanh,10.429142,105.151556,SA,T,26-07-2022,3.08,6500
Chau_Thanh,10.438048,105.153225,SA,T,26-07-2022,5.5,6400
Chau_Thanh,10.43062,105.165627,SA,T,26-07-2022,1.65,5500
Chau_Thanh,10.420174,105.16361,SA,T,26-07-2022,2.2,6600
Chau_Thanh,10.415236,105.156765,SA,T,26-07-2022,1.54,6000
Chau_Thanh,10.422463,105.151846,SA,T,26-07-2022,2.75,6000
Chau_Thanh,10.44819,105.181879,SA,T,20-07-2022,3.245,6000
Chau_Thanh,10.447684,105.190977,SA,T,20-07-2022,1.98,6500
Chau_Thanh,10.458467,105.196191,SA,T,20-07-2022,1.87,6500
Chau_Thanh,10.460493,105.209967,SA,T,20-07-2022,2.2,6000
Chau_Thanh,10.427104,105.210954,SA,T,20-07-2022,1.65,5500
Chau_Thanh,10.426155,105.176598,SA,T,20-07-2022,2.09,6000
Chau_Thanh,10.412311,105.176834,SA,T,20-07-2022,1.54,6500
Chau_Thanh,10.400449,105.171793,SA,T,20-07-2022,1.43,5500
Chau_Thanh,10.417324,105.208881,SA,T,20-07-2022,3.3,5500
Chau_Thanh,10.452718,105.220233,SA,T,20-07-2022,1.32,6000
Chau_Thanh,10.465667,105.225904,SA,T,20-07-2022,1.65,6400
Chau_Thanh,10.452795,105.21348,SA,T,20-07-2022,1.43,6500
Chau_Thanh,10.459704,105.218744,SA,T,20-07-2022,1.65,5500
Chau_Thanh,10.451085,105.243664,SA,T,28-07-2022,1.43,6600
Chau_Thanh,10.443488,105.236111,SA,T,28-07-2022,1.65,5500
Chau_Thanh,10.436907,105.236241,SA,T,28-07-2022,1.375,6000
Chau_Thanh,10.432459,105.260003,SA,T,28-07-2022,3.3,5500
Chau_Thanh,10.417011,105.261676,SA,T,28-07-2022,1.54,6400
Chau_Thanh,10.412925,105.251545,SA,T,28-07-2022,2.2,5500
Chau_Thanh,10.467229,105.24767,SA,T,28-07-2022,1.54,5500
Chau_Thanh,10.430085,105.221996,SA,D,28-07-2022,2.75,6000
Chau_Thanh,10.420483,105.223648,SA,T,28-07-2022,3.08,6000
Chau_Thanh,10.413742,105.22261,SA,T,28-07-2022,1.65,6000
Chau_Thanh,10.410742,105.220616,SA,T,28-07-2022,2.53,6000
Chau_Thanh,10.406597,105.221367,SA,T,28-07-2022,1.32,6000
Chau_Thanh,10.407515,105.229231,SA,T,28-07-2022,3.3,6000
Chau_Thanh,10.413908,105.234515,SA,T,28-07-2022,1.65,5500
Chau_Thanh,10.421158,105.237197,SA,T,17-07-2022,1.76,6000
Chau_Thanh,10.375656,105.29185,SA,T,17-07-2022,5.83,6000
Chau_Thanh,10.378696,105.309113,SA,T,17-07-2022,1.32,6000
Chau_Thanh,10.415137,105.316832,SA,T,17-07-2022,2.42,6400
Chau_Thanh,10.396712,105.324921,SA,T,17-07-2022,2.53,5500
Chau_Thanh,10.396951,105.281083,SA,T,17-07-2022,3.3,5500
Chau_Thanh,10.386495,105.284636,SA,T,17-07-2022,1.98,6500
Chau_Thanh,10.394517,105.260713,SA,T,19-07-2022,4.4,5500
Chau_Thanh,10.406199,105.248616,SA,T,19-07-2022,6.05,6500
Chau_Thanh,10.402927,105.235656,SA,T,19-07-2022,1.98,5500
Chau_Thanh,10.392248,105.227502,SA,T,19-07-2022,2.2,6500
Chau_Thanh,10.375756,105.208993,SA,T,19-07-2022,1.98,6000
Chau_Thanh,10.374004,105.228649,SA,T,19-07-2022,4.95,6000
Chau_Thanh,10.374524,105.255016,SA,T,19-07-2022,4,6400
Chau_Thanh,10.370371,105.275589,SA,T,19-07-2022,3,6400
Chau_Thanh,10.404721,105.258428,SA,T,19-07-2022,5,6400
Chau_Thanh,10.359519,105.360913,SA,T,04-08-2022,4,6400
Chau_Thanh,10.354744,105.336739,SA,T,04-08-2022,1.6,5500
Chau_Thanh,10.38045,105.349866,SA,T,04-08-2022,2.5,5500
Chau_Thanh,10.374447,105.330923,SA,T,04-08-2022,3.2,6500
Chau_Thanh,10.363786,105.288188,SA,T,04-08-2022,2.8,6000
Chau_Thanh,10.369692,105.29684,SA,T,04-08-2022,4,5500
Chau_Thanh,10.446006,105.338972,WS,T,20-03-2022,2.2,8000
Chau_Thanh,10.442271,105.339057,WS,T,20-03-2022,2.53,7000
Chau_Thanh,10.439647,105.334052,WS,T,20-03-2022,2.42,8000
Chau_Thanh,10.444036,105.331928,WS,T,20-03-2022,2.42,7200
Chau_Thanh,10.443677,105.348236,WS,T,20-03-2022,1.76,7040
Chau_Thanh,10.454342,105.322838,WS,D,20-03-2022,1.375,7600
Chau_Thanh,10.447125,105.31374,WS,T,20-03-2022,2.75,7000
Chau_Thanh,10.436532,105.313783,WS,T,20-03-2022,1.32,7760
Chau_Thanh,10.430707,105.315671,WS,T,20-03-2022,1.54,7040
Chau_Thanh,10.434624,105.327551,WS,T,20-03-2022,2.53,7400
Chau_Thanh,10.470305,105.287062,WS,T,25-03-2022,1.43,7000
Chau_Thanh,10.434116,105.27315,WS,T,25-03-2022,2.2,7000
Chau_Thanh,10.494104,105.291042,WS,D,25-03-2022,1.76,7000
Chau_Thanh,10.43531,105.292557,WS,T,25-03-2022,1.87,7600
Chau_Thanh,10.419561,105.277369,WS,T,25-03-2022,1.43,7200
Chau_Thanh,10.443492,105.281103,WS,T,25-03-2022,3.3,8000
Chau_Thanh,10.458369,105.270803,WS,T,25-03-2022,1.87,7200
Chau_Thanh,10.470013,105.264425,WS,T,25-03-2022,1.54,7200
Chau_Thanh,10.485812,105.267525,WS,T,25-03-2022,2.2,7040
Chau_Thanh,10.400189,105.331053,WS,T,25-03-2022,1.32,7000
Chau_Thanh,10.384444,105.3447,WS,T,25-03-2022,2.09,8000
Chau_Thanh,10.391491,105.34899,WS,T,25-03-2022,2.2,7600
Chau_Thanh,10.399353,105.356462,WS,T,25-03-2022,2.2,7000
Chau_Thanh,10.417429,105.363577,WS,T,25-03-2022,3.3,6400
Chau_Thanh,10.411649,105.370659,WS,T,25-03-2022,1.43,7760
Chau_Thanh,10.405902,105.36283,WS,T,25-03-2022,2.53,8000
Chau_Thanh,10.391149,105.359279,WS,T,25-03-2022,2.035,7040
Chau_Thanh,10.412537,105.321768,WS,T,25-03-2022,3.08,7000
Chau_Thanh,10.377238,105.165363,WS,T,25-03-2022,2.2,7200
Chau_Thanh,10.381544,105.174719,WS,T,25-03-2022,2.2,8000
Chau_Thanh,10.37346,105.184697,WS,T,25-03-2022,1.65,6800
Chau_Thanh,10.386546,105.19302,WS,T,24-03-2022,1.65,7200
Chau_Thanh,10.396044,105.180167,WS,T,24-03-2022,1.32,7200
Chau_Thanh,10.389374,105.169781,WS,T,24-03-2022,2.09,7040
Chau_Thanh,10.395094,105.169245,WS,T,24-03-2022,3.85,7200
Chau_Thanh,10.391781,105.161155,WS,T,24-03-2022,1.87,7040
Chau_Thanh,10.379507,105.154892,WS,T,24-03-2022,1.32,7200
Chau_Thanh,10.378511,105.144998,WS,T,24-03-2022,1.65,8000
Chau_Thanh,10.387123,105.119326,WS,T,24-03-2022,1.87,6800
Chau_Thanh,10.394341,105.126836,WS,T,24-03-2022,4.4,7000
Chau_Thanh,10.395734,105.143745,WS,T,24-03-2022,1.76,6960
Chau_Thanh,10.389594,105.147461,WS,T,24-03-2022,3.3,6400
Chau_Thanh,10.426536,105.115181,WS,T,27-03-2022,1.43,7200
Chau_Thanh,10.419552,105.116409,WS,D,27-03-2022,3.3,7200
Chau_Thanh,10.403175,105.123726,WS,D,27-03-2022,4.4,6400
Chau_Thanh,10.399444,105.118528,WS,T,27-03-2022,1.65,7000
Chau_Thanh,10.408214,105.131329,WS,T,27-03-2022,1.98,7000
Chau_Thanh,10.408003,105.139183,WS,T,27-03-2022,2.64,7200
Chau_Thanh,10.41636,105.142144,WS,T,27-03-2022,1.43,7000
Chau_Thanh,10.399645,105.141286,WS,T,27-03-2022,5.5,8000
Chau_Thanh,10.407581,105.1521,WS,T,27-03-2022,2.75,7000
Chau_Thanh,10.400025,105.152916,WS,T,27-03-2022,2.53,7000
Chau_Thanh,10.42324,105.126544,WS,D,27-03-2022,1.87,7200
Chau_Thanh,10.421066,105.136822,WS,D,27-03-2022,2.75,7000
Chau_Thanh,10.429339,105.125493,WS,D,27-03-2022,3.3,6800
Chau_Thanh,10.435839,105.132981,WS,D,27-03-2022,1.21,7920
Chau_Thanh,10.429142,105.151556,WS,T,27-03-2022,3.08,7000
Chau_Thanh,10.438048,105.153225,WS,T,27-03-2022,5.5,8000
Chau_Thanh,10.43062,105.165627,WS,T,27-03-2022,1.65,7600
Chau_Thanh,10.428426,105.156744,WS,T,27-03-2022,1.65,7200
Chau_Thanh,10.420174,105.16361,WS,T,27-03-2022,2.2,8000
Chau_Thanh,10.415236,105.156765,WS,T,27-03-2022,1.54,8000
Chau_Thanh,10.420702,105.15698,WS,T,27-03-2022,3.3,7200
Chau_Thanh,10.422463,105.151846,WS,T,27-03-2022,2.75,7200
Chau_Thanh,10.44819,105.181879,WS,T,26-03-2022,3.245,6400
Chau_Thanh,10.447684,105.190977,WS,T,26-03-2022,1.98,8000
Chau_Thanh,10.452516,105.191857,WS,T,26-03-2022,2.2,7200
Chau_Thanh,10.458467,105.196191,WS,T,26-03-2022,1.87,7200
Chau_Thanh,10.452537,105.205118,WS,T,26-03-2022,5.5,7200
Chau_Thanh,10.427104,105.210954,WS,T,26-03-2022,1.65,7200
Chau_Thanh,10.437524,105.185343,WS,D,26-03-2022,2.75,8000
Chau_Thanh,10.426155,105.176598,WS,T,26-03-2022,2.09,7200
Chau_Thanh,10.412311,105.176834,WS,T,26-03-2022,1.54,8000
Chau_Thanh,10.400449,105.171793,WS,T,26-03-2022,1.43,8000
Chau_Thanh,10.402793,105.189574,WS,T,26-03-2022,1.54,6800
Chau_Thanh,10.445632,105.21046,WS,D,26-03-2022,1.32,7500
Chau_Thanh,10.405702,105.208668,WS,T,26-03-2022,1.32,7500
Chau_Thanh,10.417324,105.208881,WS,T,26-03-2022,3.3,7500
Chau_Thanh,10.414226,105.195214,WS,T,26-03-2022,1.87,6400
Chau_Thanh,10.452718,105.220233,WS,T,26-03-2022,1.32,7500
Chau_Thanh,10.437524,105.202166,WS,D,26-03-2022,2.31,7200
Chau_Thanh,10.459704,105.218744,WS,T,21-03-2022,1.65,7200
Chau_Thanh,10.451085,105.243664,WS,T,27-03-2022,1.43,7200
Chau_Thanh,10.433791,105.231265,WS,T,27-03-2022,1.98,6800
Chau_Thanh,10.417011,105.261676,WS,T,27-03-2022,1.54,7900
Chau_Thanh,10.455571,105.240074,WS,T,27-03-2022,2.09,7200
Chau_Thanh,10.467229,105.24767,WS,T,27-03-2022,1.54,7200
Chau_Thanh,10.454948,105.23029,WS,T,27-03-2022,1.65,7200
Chau_Thanh,10.430085,105.221996,WS,D,27-03-2022,2.75,7760
Chau_Thanh,10.420483,105.223648,WS,T,27-03-2022,3.08,8000
Chau_Thanh,10.413742,105.22261,WS,T,27-03-2022,1.65,6800
Chau_Thanh,10.410742,105.220616,WS,T,27-03-2022,2.53,7400
Chau_Thanh,10.406597,105.221367,WS,T,27-03-2022,1.32,7000
Chau_Thanh,10.413908,105.234515,WS,T,27-03-2022,1.65,7500
Chau_Thanh,10.375656,105.29185,WS,T,27-03-2022,5.83,6400
Chau_Thanh,10.40466,105.311554,WS,T,27-03-2022,1.87,6800
Chau_Thanh,10.396712,105.324921,WS,T,27-03-2022,2.53,7200
Chau_Thanh,10.409187,105.288345,WS,T,27-03-2022,2.64,7600
Chau_Thanh,10.396951,105.281083,WS,T,27-03-2022,3.3,7200
Chau_Thanh,10.386495,105.284636,WS,T,27-03-2022,1.98,7000
Chau_Thanh,10.394517,105.260713,WS,T,22-03-2022,4.4,6800
Chau_Thanh,10.406199,105.248616,WS,T,22-03-2022,6.05,7200
Chau_Thanh,10.402927,105.235656,WS,T,22-03-2022,1.98,7040
Chau_Thanh,10.399256,105.204494,WS,T,22-03-2022,1.76,7000
Chau_Thanh,10.387459,105.205582,WS,T,22-03-2022,6.6,7200
Chau_Thanh,10.375756,105.208993,WS,T,22-03-2022,1.98,6800
Chau_Thanh,10.370371,105.275589,WS,T,22-03-2022,3,6880
Chau_Thanh,10.387619,105.243467,WS,T,22-03-2022,1.3,7000
Chau_Thanh,10.404721,105.258428,WS,T,22-03-2022,5,7000
Chau_Thanh,10.395256,105.268561,WS,T,22-03-2022,1.5,8000
Chau_Thanh,10.380497,105.274972,WS,T,22-03-2022,3.5,7040
Chau_Thanh,10.359519,105.360913,WS,T,10-04-2022,4,8000
Chau_Thanh,10.364433,105.327337,WS,T,10-04-2022,2,7200
Chau_Thanh,10.38045,105.349866,WS,T,10-04-2022,2.5,7200
Chau_Thanh,10.374447,105.330923,WS,T,10-04-2022,3.2,7600
Chau_Thanh,10.356519,105.30945,WS,T,10-04-2022,5,7200
Chau_Thanh,10.363786,105.288188,WS,T,10-04-2022,2.8,8000
Chau_Thanh,10.369819,105.304833,WS,T,10-04-2022,2.2,7200
Thoai_Son,10.262288,105.409359,SA,T,05-07-2022,2.3,6000
Thoai_Son,10.270666,105.424059,SA,T,05-07-2022,1.7,6000
Thoai_Son,10.282741,105.414218,SA,D,05-07-2022,2.9,5600
Thoai_Son,10.292251,105.405536,SA,D,05-07-2022,1.26,5600
Thoai_Son,10.303175,105.416814,SA,D,05-07-2022,2,6240
Thoai_Son,10.34297,105.382435,SA,D,12-07-2022,1.87,6400
Thoai_Son,10.334417,105.375498,SA,D,12-07-2022,3,6000
Thoai_Son,10.31856,105.374468,SA,D,12-07-2022,1.4,5600
Thoai_Son,10.320676,105.364971,SA,D,12-07-2022,2.1,6400
Thoai_Son,10.3037,105.354593,SA,T,12-07-2022,4,6400
Thoai_Son,10.314233,105.359823,SA,D,12-07-2022,1.52,6800
Thoai_Son,10.303437,105.381252,SA,T,12-07-2022,2.1,6000
Thoai_Son,10.275826,105.364451,SA,T,12-07-2022,2.1,6800
Thoai_Son,10.257715,105.375007,SA,T,12-07-2022,1.65,6000
Thoai_Son,10.342299,105.365285,SA,T,20-07-2022,4,6000
Thoai_Son,10.327284,105.359541,SA,T,20-07-2022,5,6000
Thoai_Son,10.342217,105.346028,SA,T,20-07-2022,3,5600
Thoai_Son,10.327543,105.350908,SA,T,20-07-2022,2,6160
Thoai_Son,10.327617,105.33024,SA,T,20-07-2022,2.95,5600
Thoai_Son,10.339092,105.325101,SA,T,20-07-2022,1.5,5600
Thoai_Son,10.282445,105.330149,SA,T,20-07-2022,2.04,5440
Thoai_Son,10.258961,105.323388,SA,T,20-07-2022,3,6000
Thoai_Son,10.249044,105.347198,SA,T,20-07-2022,3.5,6000
Thoai_Son,10.268095,105.344826,SA,T,20-07-2022,1.5,6000
Thoai_Son,10.268524,105.337611,SA,T,20-07-2022,2,6000
Thoai_Son,10.248814,105.361138,SA,T,20-07-2022,5,5600
Thoai_Son,10.306769,105.34023,SA,T,20-07-2022,2.1,6000
Thoai_Son,10.316024,105.309873,SA,T,20-07-2022,1.39,5600
Thoai_Son,10.298963,105.275991,SA,T,20-07-2022,2.1,6000
Thoai_Son,10.282365,105.276189,SA,T,20-07-2022,1.91,5600
Thoai_Son,10.272277,105.291556,SA,T,20-07-2022,1.5,6000
Thoai_Son,10.277579,105.307934,SA,T,20-07-2022,2.3,6000
Thoai_Son,10.345924,105.270456,SA,T,20-07-2022,1.5,5200
Thoai_Son,10.303589,105.234936,SA,T,20-07-2022,2,6000
Thoai_Son,10.319903,105.230831,SA,T,20-07-2022,1.62,6000
Thoai_Son,10.325047,105.251136,SA,T,20-07-2022,2,5600
Thoai_Son,10.320371,105.259016,SA,T,20-07-2022,1.52,5600
Thoai_Son,10.3154,105.280846,SA,T,20-07-2022,2.3,6000
Thoai_Son,10.33114,105.278682,SA,T,20-07-2022,2.1,5600
Thoai_Son,10.337977,105.288583,SA,T,20-07-2022,2.1,5600
Thoai_Son,10.299014,105.215448,SA,T,23-07-2022,3,5600
Thoai_Son,10.309139,105.215737,SA,T,23-07-2022,3.6,6000
Thoai_Son,10.318227,105.218967,SA,T,23-07-2022,3.5,6000
Thoai_Son,10.327832,105.216844,SA,T,23-07-2022,6,5600
Thoai_Son,10.346876,105.206507,SA,T,23-07-2022,4,5600
Thoai_Son,10.337185,105.197822,SA,T,23-07-2022,3,5600
Thoai_Son,10.321392,105.177554,SA,T,23-07-2022,6,6000
Thoai_Son,10.319027,105.191902,SA,T,23-07-2022,4,5200
Thoai_Son,10.303766,105.203102,SA,T,23-07-2022,2.2,5600
Thoai_Son,10.287565,105.192862,SA,T,23-07-2022,2.2,5600
Thoai_Son,10.290816,105.182958,SA,T,23-07-2022,2,5600
Thoai_Son,10.283233,105.260351,SA,T,22-07-2022,5,5600
Thoai_Son,10.275776,105.258985,SA,T,22-07-2022,1.5,5600
Thoai_Son,10.284315,105.252391,SA,T,22-07-2022,3.3,5600
Thoai_Son,10.281994,105.246519,SA,T,22-07-2022,3.2,5600
Thoai_Son,10.280407,105.223352,SA,T,22-07-2022,1.88,5600
Thoai_Son,10.244181,105.230614,SA,T,22-07-2022,2.3,6400
Thoai_Son,10.250745,105.24539,SA,T,22-07-2022,3,5200
Thoai_Son,10.214156,105.214175,SA,T,20-07-2022,5,6000
Thoai_Son,10.208515,105.202809,SA,T,20-07-2022,2.67,6400
Thoai_Son,10.212886,105.174836,SA,T,20-07-2022,2.4,5600
Thoai_Son,10.246984,105.216849,SA,T,20-07-2022,4,5600
Thoai_Son,10.205563,105.193771,SA,T,20-07-2022,2.1,5600
Thoai_Son,10.195117,105.200047,SA,T,20-07-2022,3.2,5600
Thoai_Son,10.265977,105.125368,SA,T,20-07-2022,2,5600
Thoai_Son,10.227394,105.164987,SA,T,20-07-2022,3,5600
Thoai_Son,10.232673,105.15164,SA,T,20-07-2022,4,5600
Thoai_Son,10.262681,105.14739,SA,T,25-07-2022,5,6520
Thoai_Son,10.284027,105.15814,SA,T,25-07-2022,3.2,5600
Thoai_Son,10.254048,105.172039,SA,T,20-07-2022,3.6,5600
Thoai_Son,10.245058,105.178415,SA,T,20-07-2022,1.7,5600
Thoai_Son,10.297494,105.145318,SA,T,25-07-2022,9,5600
Thoai_Son,10.320247,105.141848,SA,T,25-07-2022,2.5,5600
Thoai_Son,10.30701,105.130668,SA,T,25-07-2022,4.9,5600
Thoai_Son,10.325825,105.129268,SA,T,25-07-2022,5,5600
Thoai_Son,10.331447,105.158675,SA,T,12-07-2022,4,6400
Thoai_Son,10.35091,105.142796,SA,T,12-07-2022,1.97,5600
Thoai_Son,10.35853,105.127583,SA,T,12-07-2022,4.2,5600
Thoai_Son,10.368598,105.136423,SA,T,12-07-2022,1.72,5600
Thoai_Son,10.364419,105.164984,SA,T,12-07-2022,7.8,5600
Thoai_Son,10.358727,105.222371,SA,T,21-07-2022,2,5600
Thoai_Son,10.358094,105.189541,SA,T,21-07-2022,2,5600
Thoai_Son,10.368014,105.238516,SA,T,21-07-2022,6.2,5600
Thoai_Son,10.365734,105.267634,SA,T,21-07-2022,2.5,5600
Thoai_Son,10.282741,105.414218,WS,D,18-03-2022,2.9,6800
Thoai_Son,10.292251,105.405536,WS,D,18-03-2022,1.26,7200
Thoai_Son,10.303175,105.416814,WS,D,18-03-2022,2,8000
Thoai_Son,10.320924,105.404264,WS,D,18-03-2022,3.6,8000
Thoai_Son,10.335158,105.395026,WS,D,18-03-2022,2.2,7600
Thoai_Son,10.34297,105.382435,WS,D,28-03-2022,1.87,7200
Thoai_Son,10.3037,105.354593,WS,T,28-03-2022,4,7600
Thoai_Son,10.292156,105.361294,WS,T,28-03-2022,2.3,7600
Thoai_Son,10.314233,105.359823,WS,D,28-03-2022,1.52,8000
Thoai_Son,10.275826,105.364451,WS,T,28-03-2022,2.1,6960
Thoai_Son,10.257715,105.375007,WS,T,28-03-2022,1.65,7200
Thoai_Son,10.342299,105.365285,WS,T,12-04-2022,4,6640
Thoai_Son,10.33791,105.357013,WS,T,12-04-2022,2,7200
Thoai_Son,10.342217,105.346028,WS,T,12-04-2022,3,7600
Thoai_Son,10.327543,105.350908,WS,T,12-04-2022,2,7600
Thoai_Son,10.339092,105.325101,WS,T,12-04-2022,1.5,6640
Thoai_Son,10.342809,105.315657,WS,T,12-04-2022,3,6640
Thoai_Son,10.290802,105.32462,WS,T,10-04-2022,1.9,7200
Thoai_Son,10.28697,105.341571,WS,T,10-04-2022,1.78,6640
Thoai_Son,10.282445,105.330149,WS,T,10-04-2022,2.04,6640
Thoai_Son,10.258961,105.323388,WS,T,10-04-2022,3,7760
Thoai_Son,10.27049,105.316832,WS,T,10-04-2022,2.5,7600
Thoai_Son,10.252308,105.334358,WS,T,10-04-2022,2,7600
Thoai_Son,10.249044,105.347198,WS,T,10-04-2022,3.5,7200
Thoai_Son,10.248814,105.361138,WS,T,10-04-2022,5,8000
Thoai_Son,10.328521,105.30163,WS,T,10-04-2022,1.6,6800
Thoai_Son,10.316024,105.309873,WS,T,10-04-2022,1.39,7440
Thoai_Son,10.306886,105.290958,WS,T,10-04-2022,1.85,8000
Thoai_Son,10.298963,105.275991,WS,T,10-04-2022,2.1,7600
Thoai_Son,10.272277,105.291556,WS,T,10-04-2022,1.5,6400
Thoai_Son,10.277579,105.307934,WS,T,10-04-2022,2.3,8000
Thoai_Son,10.291025,105.299533,WS,T,10-04-2022,1.5,7600
Thoai_Son,10.309795,105.31553,WS,T,10-04-2022,2,8000
Thoai_Son,10.345924,105.270456,WS,T,12-04-2022,1.5,7200
Thoai_Son,10.29466,105.248528,WS,T,13-04-2022,2.2,7840
Thoai_Son,10.307585,105.254064,WS,T,13-04-2022,1.7,7200
Thoai_Son,10.303589,105.234936,WS,T,13-04-2022,2,6400
Thoai_Son,10.319903,105.230831,WS,T,13-04-2022,1.62,6400
Thoai_Son,10.331036,105.232626,WS,T,13-04-2022,2.6,8000
Thoai_Son,10.332664,105.264027,WS,T,13-04-2022,4,6400
Thoai_Son,10.33114,105.278682,WS,T,13-04-2022,2.1,8000
Thoai_Son,10.28859,105.207594,WS,T,16-04-2022,1.75,8000
Thoai_Son,10.309139,105.215737,WS,T,16-04-2022,3.6,7200
Thoai_Son,10.318227,105.218967,WS,T,16-04-2022,3.5,8000
Thoai_Son,10.327832,105.216844,WS,T,16-04-2022,6,8000
Thoai_Son,10.346876,105.206507,WS,T,12-04-2022,4,8000
Thoai_Son,10.340626,105.172116,WS,T,12-04-2022,3,7200
Thoai_Son,10.321392,105.177554,WS,T,16-04-2022,6,7200
Thoai_Son,10.265814,105.21507,WS,T,20-04-2022,5,7200
Thoai_Son,10.257436,105.217205,WS,T,20-04-2022,2.3,7200
Thoai_Son,10.283233,105.260351,WS,T,20-04-2022,5,7200
Thoai_Son,10.275776,105.258985,WS,T,20-04-2022,1.5,6400
Thoai_Son,10.281994,105.246519,WS,T,20-04-2022,3.2,6400
Thoai_Son,10.280379,105.241273,WS,T,20-04-2022,2.54,6400
Thoai_Son,10.244181,105.230614,WS,T,20-04-2022,2.3,6400
Thoai_Son,10.23625,105.234527,WS,T,20-04-2022,2.3,8000
Thoai_Son,10.227343,105.230821,WS,T,05-04-2022,1.8,7200
Thoai_Son,10.208515,105.202809,WS,T,05-04-2022,2.67,7200
Thoai_Son,10.228207,105.177659,WS,T,05-04-2022,4,6400
Thoai_Son,10.22418,105.198785,WS,T,05-04-2022,2.5,6640
Thoai_Son,10.236082,105.210347,WS,T,05-04-2022,2,8000
Thoai_Son,10.195117,105.200047,WS,T,05-04-2022,3.2,7200
Thoai_Son,10.265977,105.125368,WS,T,22-04-2022,2,8000
Thoai_Son,10.227394,105.164987,WS,T,22-04-2022,3,8000
Thoai_Son,10.262836,105.117192,WS,T,22-04-2022,6,6400
Thoai_Son,10.262681,105.14739,WS,T,22-04-2022,5,6400
Thoai_Son,10.24991,105.206339,WS,T,22-04-2022,4,8000
Thoai_Son,10.270486,105.19207,WS,T,22-04-2022,3.2,8000
Thoai_Son,10.279364,105.19089,WS,T,22-04-2022,3,7200
Thoai_Son,10.284027,105.15814,WS,T,22-04-2022,3.2,8000
Thoai_Son,10.254048,105.172039,WS,T,22-04-2022,3.6,7200
Thoai_Son,10.255579,105.190922,WS,T,22-04-2022,1.65,8000
Thoai_Son,10.245058,105.178415,WS,T,22-04-2022,1.7,7200
Thoai_Son,10.286013,105.107472,WS,T,22-04-2022,2.3,7600
Thoai_Son,10.281814,105.114918,WS,T,22-04-2022,5,6640
Thoai_Son,10.283009,105.129752,WS,T,22-04-2022,6,7600
Thoai_Son,10.284175,105.143442,WS,T,22-04-2022,1.26,8000
Thoai_Son,10.297494,105.145318,WS,T,09-04-2022,9,6640
Thoai_Son,10.30701,105.130668,WS,T,09-04-2022,4.9,7200
Thoai_Son,10.331447,105.158675,WS,T,12-04-2022,4,7840
Thoai_Son,10.35853,105.127583,WS,T,12-04-2022,4.2,6400
Thoai_Son,10.368598,105.136423,WS,T,12-04-2022,1.72,6400
Thoai_Son,10.364419,105.164984,WS,T,12-04-2022,7.8,6640
Thoai_Son,10.358094,105.189541,WS,T,12-04-2022,2,7200
Thoai_Son,10.368014,105.238516,WS,T,12-04-2022,6.2,7200
Thoai_Son,10.275419,105.234563,WS,T,20-04-2022,3,6400
Thoai_Son,10.304295,105.27046,WS,T,13-04-2022,2.3,7200
